job_id,title,company,location,description,skills,experience_required,employment_type,salary,remote,application_url
INT0001,Microservices Intern,NovaTech,"Hyderabad, India","Work with the NovaTech engineering team on practical microservices intern projects. You will design, implement, test, and document features using Java, Spring Boot, Kafka, Docker. Collaborate with engineers through Git-based workflows, review code, debug issues, and learn production development practices. The internship includes a scoped project, mentorship, and regular technical feedback.","Java, Spring Boot, Kafka, Docker, Microservices, PostgreSQL",0 years,Internship,"₹20,000/month",False,https://careers.example.com/internships/INT0001
INT0002,Data Engineering Intern,BrightScale,"Delhi NCR, India","Work with the BrightScale engineering team on practical data engineering intern projects. You will design, implement, test, and document features using Python, SQL, Pandas, Kafka. Collaborate with engineers through Git-based workflows, review code, debug issues, and learn production development practices. The internship includes a scoped project, mentorship, and regular technical feedback.","Python, SQL, Pandas, Kafka, AWS, Docker",0 years,Internship,,False,https://careers.example.com/internships/INT0002
INT0003,Cloud Engineering Intern,NovaTech,"Remote, India","Work with the NovaTech engineering team on practical cloud engineering intern projects. You will design, implement, test, and document features using AWS, Docker, Linux, Git. Collaborate with engineers through Git-based workflows, review code, debug issues, and learn production development practices. The internship includes a scoped project, mentorship, and regular technical feedback.","AWS, Docker, Linux, Git, Python, REST API",0 years,Internship,,True,https://careers.example.com/internships/INT0003
INT0004,AI Engineering Intern,FinEdge,"Remote, India","Work with the FinEdge engineering team on practical ai engineering intern projects. You will design, implement, test, and document features using Python, Machine Learning, PyTorch, FastAPI. Collaborate with engineers through Git-based workflows, review code, debug issues, and learn production development practices. The internship includes a scoped project, mentorship, and regular technical feedback.","Python, Machine Learning, PyTorch, FastAPI, Docker, Git",1 year,Internship,,True,https://careers.example.com/internships/INT0004
INT0005,Cloud Engineering Intern,QuantumStack,"Bengaluru, India","Work with the QuantumStack engineering team on practical cloud engineering intern projects. You will design, implement, test, and document features using AWS, Docker, Linux, Git. Collaborate with engineers through Git-based workflows, review code, debug issues, and learn production development practices. The internship includes a scoped project, mentorship, and regular technical feedback.","AWS, Docker, Linux, Git, Python, REST API",0 years,Internship,"₹30,000/month",False,https://careers.example.com/internships/INT0005
INT0006,Full Stack Intern,Aster Systems,"Pune, India","Work with the Aster Systems engineering team on practical full stack intern projects. You will design, implement, test, and document features using JavaScript, React, Node.js, SQL. Collaborate with engineers through Git-based workflows, review code, debug issues, and learn production development practices. The internship includes a scoped project, mentorship, and regular technical feedback.","JavaScript, React, Node.js, SQL, Docker, Git, Machine Learning",0 years,Internship,"₹15,000/month",False,https://careers.example.com/internships/INT0006
INT0007,Cloud Engineering Intern,DataForge,"Delhi NCR, India","Work with the DataForge engineering team on practical cloud engineering intern projects. You will design, implement, test, and document features using AWS, Docker, Linux, Git. Collaborate with engineers through Git-based workflows, review code, debug issues, and learn production development practices. The internship includes a scoped project, mentorship, and regular technical feedback.","AWS, Docker, Linux, Git, Python, REST API",0-1 years,Internship,"₹15,000/month",False,https://careers.example.com/internships/INT0007
INT0008,Data Engineering Intern,Vertex Labs,"Mumbai, India","Work with the Vertex Labs engineering team on practical data engineering intern projects. You will design, implement, test, and document features using Python, SQL, Pandas, Kafka. Collaborate with engineers through Git-based workflows, review code, debug issues, and learn production development practices. The internship includes a scoped project, mentorship, and regular technical feedback.","Python, SQL, Pandas, Kafka, AWS, Docker, NumPy",0 years,Internship,,False,https://careers.example.com/internships/INT0008
INT0009,Frontend Engineering Intern,CodeHarbor,"Remote, India","Work with the CodeHarbor engineering team on practical frontend engineering intern projects. You will design, implement, test, and document features using JavaScript, TypeScript, React, Git. Collaborate with engineers through Git-based workflows, review code, debug issues, and learn production development practices. The internship includes a scoped project, mentorship, and regular technical feedback.","JavaScript, TypeScript, React, Git, REST API, PyTorch, Docker",0 years,Internship,"₹15,000/month",True,https://careers.example.com/internships/INT0009
INT0010,Microservices Intern,CloudNest,"Hyderabad, India","Work with the CloudNest engineering team on practical microservices intern projects. You will design, implement, test, and document features using Java, Spring Boot, Kafka, Docker. Collaborate with engineers through Git-based workflows, review code, debug issues, and learn production development practices. The internship includes a scoped project, mentorship, and regular technical feedback.","Java, Spring Boot, Kafka, Docker, Microservices, PostgreSQL",0 years,Internship,"₹30,000/month",False,https://careers.example.com/internships/INT0010
INT0011,Frontend Engineering Intern,DataForge,"Remote, India","Work with the DataForge engineering team on practical frontend engineering intern projects. You will design, implement, test, and document features using JavaScript, TypeScript, React, Git. Collaborate with engineers through Git-based workflows, review code, debug issues, and learn production development practices. The internship includes a scoped project, mentorship, and regular technical feedback.","JavaScript, TypeScript, React, Git, REST API, FastAPI",0-1 years,Internship,"₹20,000/month",True,https://careers.example.com/internships/INT0011
INT0012,Microservices Intern,BrightScale,"Delhi NCR, India","Work with the BrightScale engineering team on practical microservices intern projects. You will design, implement, test, and document features using Java, Spring Boot, Kafka, Docker. Collaborate with engineers through Git-based workflows, review code, debug issues, and learn production development practices. The internship includes a scoped project, mentorship, and regular technical feedback.","Java, Spring Boot, Kafka, Docker, Microservices, PostgreSQL, Python",1 year,Internship,"₹20,000/month",False,https://careers.example.com/internships/INT0012
INT0013,NLP Intern,QuantumStack,"Chennai, India","Work with the QuantumStack engineering team on practical nlp intern projects. You will design, implement, test, and document features using Python, NLP, Machine Learning, PyTorch. Collaborate with engineers through Git-based workflows, review code, debug issues, and learn production development practices. The internship includes a scoped project, mentorship, and regular technical feedback.","Python, NLP, Machine Learning, PyTorch, Pandas, NumPy, JavaScript, Git",1 year,Internship,,False,https://careers.example.com/internships/INT0013
INT0014,Data Science Intern,Aster Systems,"Pune, India","Work with the Aster Systems engineering team on practical data science intern projects. You will design, implement, test, and document features using Python, Pandas, NumPy, SQL. Collaborate with engineers through Git-based workflows, review code, debug issues, and learn production development practices. The internship includes a scoped project, mentorship, and regular technical feedback.","Python, Pandas, NumPy, SQL, Scikit-learn, Machine Learning, Docker, REST API",0-1 years,Internship,"₹25,000/month",False,https://careers.example.com/internships/INT0014
INT0015,Java Backend Intern,CodeHarbor,"Pune, India","Work with the CodeHarbor engineering team on practical java backend intern projects. You will design, implement, test, and document features using Java, Spring Boot, PostgreSQL, Docker. Collaborate with engineers through Git-based workflows, review code, debug issues, and learn production development practices. The internship includes a scoped project, mentorship, and regular technical feedback.","Java, Spring Boot, PostgreSQL, Docker, REST API, Git",0 years,Internship,"₹30,000/month",False,https://careers.example.com/internships/INT0015
INT0016,Cloud Engineering Intern,CloudNest,"Remote, India","Work with the CloudNest engineering team on practical cloud engineering intern projects. You will design, implement, test, and document features using AWS, Docker, Linux, Git. Collaborate with engineers through Git-based workflows, review code, debug issues, and learn production development practices. The internship includes a scoped project, mentorship, and regular technical feedback.","AWS, Docker, Linux, Git, Python, REST API, FastAPI, Pandas",1 year,Internship,,True,https://careers.example.com/internships/INT0016
INT0017,NLP Intern,CodeHarbor,"Delhi NCR, India","Work with the CodeHarbor engineering team on practical nlp intern projects. You will design, implement, test, and document features using Python, NLP, Machine Learning, PyTorch. Collaborate with engineers through Git-based workflows, review code, debug issues, and learn production development practices. The internship includes a scoped project, mentorship, and regular technical feedback.","Python, NLP, Machine Learning, PyTorch, Pandas, NumPy, AWS",0-1 years,Internship,"₹25,000/month",False,https://careers.example.com/internships/INT0017
INT0018,Data Science Intern,FinEdge,"Bengaluru, India","Work with the FinEdge engineering team on practical data science intern projects. You will design, implement, test, and document features using Python, Pandas, NumPy, SQL. Collaborate with engineers through Git-based workflows, review code, debug issues, and learn production development practices. The internship includes a scoped project, mentorship, and regular technical feedback.","Python, Pandas, NumPy, SQL, Scikit-learn, Machine Learning",0 years,Internship,"₹20,000/month",False,https://careers.example.com/internships/INT0018
INT0019,Microservices Intern,BrightScale,"Bengaluru, India","Work with the BrightScale engineering team on practical microservices intern projects. You will design, implement, test, and document features using Java, Spring Boot, Kafka, Docker. Collaborate with engineers through Git-based workflows, review code, debug issues, and learn production development practices. The internship includes a scoped project, mentorship, and regular technical feedback.","Java, Spring Boot, Kafka, Docker, Microservices, PostgreSQL",0-1 years,Internship,"₹30,000/month",False,https://careers.example.com/internships/INT0019
INT0020,AI Engineering Intern,CloudNest,"Bengaluru, India","Work with the CloudNest engineering team on practical ai engineering intern projects. You will design, implement, test, and document features using Python, Machine Learning, PyTorch, FastAPI. Collaborate with engineers through Git-based workflows, review code, debug issues, and learn production development practices. The internship includes a scoped project, mentorship, and regular technical feedback.","Python, Machine Learning, PyTorch, FastAPI, Docker, Git, Microservices",1 year,Internship,"₹15,000/month",False,https://careers.example.com/internships/INT0020
INT0021,Microservices Intern,BrightScale,"Pune, India","Work with the BrightScale engineering team on practical microservices intern projects. You will design, implement, test, and document features using Java, Spring Boot, Kafka, Docker. Collaborate with engineers through Git-based workflows, review code, debug issues, and learn production development practices. The internship includes a scoped project, mentorship, and regular technical feedback.","Java, Spring Boot, Kafka, Docker, Microservices, PostgreSQL, Git, Machine Learning",0-1 years,Internship,"₹20,000/month",False,https://careers.example.com/internships/INT0021
INT0022,DevOps Intern,CoreVista,"Pune, India","Work with the CoreVista engineering team on practical devops intern projects. You will design, implement, test, and document features using Docker, Kubernetes, AWS, Linux. Collaborate with engineers through Git-based workflows, review code, debug issues, and learn production development practices. The internship includes a scoped project, mentorship, and regular technical feedback.","Docker, Kubernetes, AWS, Linux, Git, Python",1 year,Internship,"₹20,000/month",False,https://careers.example.com/internships/INT0022
INT0023,NLP Intern,BrightScale,"Remote, India","Work with the BrightScale engineering team on practical nlp intern projects. You will design, implement, test, and document features using Python, NLP, Machine Learning, PyTorch. Collaborate with engineers through Git-based workflows, review code, debug issues, and learn production development practices. The internship includes a scoped project, mentorship, and regular technical feedback.","Python, NLP, Machine Learning, PyTorch, Pandas, NumPy",1 year,Internship,,True,https://careers.example.com/internships/INT0023
INT0024,AI Engineering Intern,BlueOrbit,"Hyderabad, India","Work with the BlueOrbit engineering team on practical ai engineering intern projects. You will design, implement, test, and document features using Python, Machine Learning, PyTorch, FastAPI. Collaborate with engineers through Git-based workflows, review code, debug issues, and learn production development practices. The internship includes a scoped project, mentorship, and regular technical feedback.","Python, Machine Learning, PyTorch, FastAPI, Docker, Git",1 year,Internship,,False,https://careers.example.com/internships/INT0024
INT0025,Backend Engineering Intern,NovaTech,"Remote, India","Work with the NovaTech engineering team on practical backend engineering intern projects. You will design, implement, test, and document features using Python, FastAPI, PostgreSQL, Docker. Collaborate with engineers through Git-based workflows, review code, debug issues, and learn production development practices. The internship includes a scoped project, mentorship, and regular technical feedback.","Python, FastAPI, PostgreSQL, Docker, REST API, Git, Kubernetes, Spring Boot",0-1 years,Internship,"₹25,000/month",True,https://careers.example.com/internships/INT0025
INT0026,Data Science Intern,Aster Systems,"Bengaluru, India","Work with the Aster Systems engineering team on practical data science intern projects. You will design, implement, test, and document features using Python, Pandas, NumPy, SQL. Collaborate with engineers through Git-based workflows, review code, debug issues, and learn production development practices. The internship includes a scoped project, mentorship, and regular technical feedback.","Python, Pandas, NumPy, SQL, Scikit-learn, Machine Learning",0 years,Internship,"₹30,000/month",False,https://careers.example.com/internships/INT0026
INT0027,Java Backend Intern,QuantumStack,"Hyderabad, India","Work with the QuantumStack engineering team on practical java backend intern projects. You will design, implement, test, and document features using Java, Spring Boot, PostgreSQL, Docker. Collaborate with engineers through Git-based workflows, review code, debug issues, and learn production development practices. The internship includes a scoped project, mentorship, and regular technical feedback.","Java, Spring Boot, PostgreSQL, Docker, REST API, Git, Pandas, Kafka",0-1 years,Internship,,False,https://careers.example.com/internships/INT0027
INT0028,AI Engineering Intern,FinEdge,"Chennai, India","Work with the FinEdge engineering team on practical ai engineering intern projects. You will design, implement, test, and document features using Python, Machine Learning, PyTorch, FastAPI. Collaborate with engineers through Git-based workflows, review code, debug issues, and learn production development practices. The internship includes a scoped project, mentorship, and regular technical feedback.","Python, Machine Learning, PyTorch, FastAPI, Docker, Git, JavaScript",0 years,Internship,"₹25,000/month",False,https://careers.example.com/internships/INT0028
INT0029,Cloud Engineering Intern,FinEdge,"Hyderabad, India","Work with the FinEdge engineering team on practical cloud engineering intern projects. You will design, implement, test, and document features using AWS, Docker, Linux, Git. Collaborate with engineers through Git-based workflows, review code, debug issues, and learn production development practices. The internship includes a scoped project, mentorship, and regular technical feedback.","AWS, Docker, Linux, Git, Python, REST API, Machine Learning, PyTorch",0 years,Internship,"₹15,000/month",False,https://careers.example.com/internships/INT0029
INT0030,Full Stack Intern,CodeHarbor,"Delhi NCR, India","Work with the CodeHarbor engineering team on practical full stack intern projects. You will design, implement, test, and document features using JavaScript, React, Node.js, SQL. Collaborate with engineers through Git-based workflows, review code, debug issues, and learn production development practices. The internship includes a scoped project, mentorship, and regular technical feedback.","JavaScript, React, Node.js, SQL, Docker, Git",0 years,Internship,"₹15,000/month",False,https://careers.example.com/internships/INT0030
INT0031,Java Backend Intern,Aster Systems,"Remote, India","Work with the Aster Systems engineering team on practical java backend intern projects. You will design, implement, test, and document features using Java, Spring Boot, PostgreSQL, Docker. Collaborate with engineers through Git-based workflows, review code, debug issues, and learn production development practices. The internship includes a scoped project, mentorship, and regular technical feedback.","Java, Spring Boot, PostgreSQL, Docker, REST API, Git, SQL, Machine Learning",0 years,Internship,"₹25,000/month",True,https://careers.example.com/internships/INT0031
INT0032,Java Backend Intern,BrightScale,"Delhi NCR, India","Work with the BrightScale engineering team on practical java backend intern projects. You will design, implement, test, and document features using Java, Spring Boot, PostgreSQL, Docker. Collaborate with engineers through Git-based workflows, review code, debug issues, and learn production development practices. The internship includes a scoped project, mentorship, and regular technical feedback.","Java, Spring Boot, PostgreSQL, Docker, REST API, Git, React",0 years,Internship,,False,https://careers.example.com/internships/INT0032
INT0033,AI Engineering Intern,QuantumStack,"Hyderabad, India","Work with the QuantumStack engineering team on practical ai engineering intern projects. You will design, implement, test, and document features using Python, Machine Learning, PyTorch, FastAPI. Collaborate with engineers through Git-based workflows, review code, debug issues, and learn production development practices. The internship includes a scoped project, mentorship, and regular technical feedback.","Python, Machine Learning, PyTorch, FastAPI, Docker, Git, React",0 years,Internship,"₹15,000/month",False,https://careers.example.com/internships/INT0033
INT0034,Microservices Intern,PixelWorks,"Chennai, India","Work with the PixelWorks engineering team on practical microservices intern projects. You will design, implement, test, and document features using Java, Spring Boot, Kafka, Docker. Collaborate with engineers through Git-based workflows, review code, debug issues, and learn production development practices. The internship includes a scoped project, mentorship, and regular technical feedback.","Java, Spring Boot, Kafka, Docker, Microservices, PostgreSQL, REST API",0 years,Internship,"₹15,000/month",False,https://careers.example.com/internships/INT0034
INT0035,Backend Engineering Intern,Vertex Labs,"Remote, India","Work with the Vertex Labs engineering team on practical backend engineering intern projects. You will design, implement, test, and document features using Python, FastAPI, PostgreSQL, Docker. Collaborate with engineers through Git-based workflows, review code, debug issues, and learn production development practices. The internship includes a scoped project, mentorship, and regular technical feedback.","Python, FastAPI, PostgreSQL, Docker, REST API, Git, AWS",0 years,Internship,,True,https://careers.example.com/internships/INT0035
INT0036,DevOps Intern,PixelWorks,"Remote, India","Work with the PixelWorks engineering team on practical devops intern projects. You will design, implement, test, and document features using Docker, Kubernetes, AWS, Linux. Collaborate with engineers through Git-based workflows, review code, debug issues, and learn production development practices. The internship includes a scoped project, mentorship, and regular technical feedback.","Docker, Kubernetes, AWS, Linux, Git, Python",0-1 years,Internship,"₹20,000/month",True,https://careers.example.com/internships/INT0036
INT0037,Java Backend Intern,Vertex Labs,"Remote, India","Work with the Vertex Labs engineering team on practical java backend intern projects. You will design, implement, test, and document features using Java, Spring Boot, PostgreSQL, Docker. Collaborate with engineers through Git-based workflows, review code, debug issues, and learn production development practices. The internship includes a scoped project, mentorship, and regular technical feedback.","Java, Spring Boot, PostgreSQL, Docker, REST API, Git, PyTorch",1 year,Internship,"₹15,000/month",True,https://careers.example.com/internships/INT0037
INT0038,Java Backend Intern,BlueOrbit,"Mumbai, India","Work with the BlueOrbit engineering team on practical java backend intern projects. You will design, implement, test, and document features using Java, Spring Boot, PostgreSQL, Docker. Collaborate with engineers through Git-based workflows, review code, debug issues, and learn production development practices. The internship includes a scoped project, mentorship, and regular technical feedback.","Java, Spring Boot, PostgreSQL, Docker, REST API, Git",0 years,Internship,"₹30,000/month",False,https://careers.example.com/internships/INT0038
INT0039,Backend Engineering Intern,PixelWorks,"Remote, India","Work with the PixelWorks engineering team on practical backend engineering intern projects. You will design, implement, test, and document features using Python, FastAPI, PostgreSQL, Docker. Collaborate with engineers through Git-based workflows, review code, debug issues, and learn production development practices. The internship includes a scoped project, mentorship, and regular technical feedback.","Python, FastAPI, PostgreSQL, Docker, REST API, Git",0-1 years,Internship,"₹25,000/month",True,https://careers.example.com/internships/INT0039
INT0040,DevOps Intern,CoreVista,"Delhi NCR, India","Work with the CoreVista engineering team on practical devops intern projects. You will design, implement, test, and document features using Docker, Kubernetes, AWS, Linux. Collaborate with engineers through Git-based workflows, review code, debug issues, and learn production development practices. The internship includes a scoped project, mentorship, and regular technical feedback.","Docker, Kubernetes, AWS, Linux, Git, Python, PyTorch",1 year,Internship,"₹30,000/month",False,https://careers.example.com/internships/INT0040
INT0041,Machine Learning Intern,CloudNest,"Remote, India","Work with the CloudNest engineering team on practical machine learning intern projects. You will design, implement, test, and document features using Python, Machine Learning, Pandas, NumPy. Collaborate with engineers through Git-based workflows, review code, debug issues, and learn production development practices. The internship includes a scoped project, mentorship, and regular technical feedback.","Python, Machine Learning, Pandas, NumPy, Scikit-learn, Git",0 years,Internship,,True,https://careers.example.com/internships/INT0041
INT0042,Data Engineering Intern,NovaTech,"Remote, India","Work with the NovaTech engineering team on practical data engineering intern projects. You will design, implement, test, and document features using Python, SQL, Pandas, Kafka. Collaborate with engineers through Git-based workflows, review code, debug issues, and learn production development practices. The internship includes a scoped project, mentorship, and regular technical feedback.","Python, SQL, Pandas, Kafka, AWS, Docker, Git, REST API",0-1 years,Internship,,True,https://careers.example.com/internships/INT0042
INT0043,NLP Intern,NovaTech,"Bengaluru, India","Work with the NovaTech engineering team on practical nlp intern projects. You will design, implement, test, and document features using Python, NLP, Machine Learning, PyTorch. Collaborate with engineers through Git-based workflows, review code, debug issues, and learn production development practices. The internship includes a scoped project, mentorship, and regular technical feedback.","Python, NLP, Machine Learning, PyTorch, Pandas, NumPy",0 years,Internship,"₹15,000/month",False,https://careers.example.com/internships/INT0043
INT0044,AI Engineering Intern,BrightScale,"Mumbai, India","Work with the BrightScale engineering team on practical ai engineering intern projects. You will design, implement, test, and document features using Python, Machine Learning, PyTorch, FastAPI. Collaborate with engineers through Git-based workflows, review code, debug issues, and learn production development practices. The internship includes a scoped project, mentorship, and regular technical feedback.","Python, Machine Learning, PyTorch, FastAPI, Docker, Git",0 years,Internship,,False,https://careers.example.com/internships/INT0044
INT0045,Data Science Intern,CodeHarbor,"Remote, India","Work with the CodeHarbor engineering team on practical data science intern projects. You will design, implement, test, and document features using Python, Pandas, NumPy, SQL. Collaborate with engineers through Git-based workflows, review code, debug issues, and learn production development practices. The internship includes a scoped project, mentorship, and regular technical feedback.","Python, Pandas, NumPy, SQL, Scikit-learn, Machine Learning, Java, Docker",1 year,Internship,,True,https://careers.example.com/internships/INT0045
INT0046,AI Engineering Intern,Aster Systems,"Pune, India","Work with the Aster Systems engineering team on practical ai engineering intern projects. You will design, implement, test, and document features using Python, Machine Learning, PyTorch, FastAPI. Collaborate with engineers through Git-based workflows, review code, debug issues, and learn production development practices. The internship includes a scoped project, mentorship, and regular technical feedback.","Python, Machine Learning, PyTorch, FastAPI, Docker, Git, SQL, REST API",0 years,Internship,"₹25,000/month",False,https://careers.example.com/internships/INT0046
INT0047,Cloud Engineering Intern,BrightScale,"Mumbai, India","Work with the BrightScale engineering team on practical cloud engineering intern projects. You will design, implement, test, and document features using AWS, Docker, Linux, Git. Collaborate with engineers through Git-based workflows, review code, debug issues, and learn production development practices. The internship includes a scoped project, mentorship, and regular technical feedback.","AWS, Docker, Linux, Git, Python, REST API",0-1 years,Internship,"₹15,000/month",False,https://careers.example.com/internships/INT0047
INT0048,Backend Engineering Intern,Vertex Labs,"Remote, India","Work with the Vertex Labs engineering team on practical backend engineering intern projects. You will design, implement, test, and document features using Python, FastAPI, PostgreSQL, Docker. Collaborate with engineers through Git-based workflows, review code, debug issues, and learn production development practices. The internship includes a scoped project, mentorship, and regular technical feedback.","Python, FastAPI, PostgreSQL, Docker, REST API, Git, Kafka",0 years,Internship,,True,https://careers.example.com/internships/INT0048
INT0049,Frontend Engineering Intern,DataForge,"Hyderabad, India","Work with the DataForge engineering team on practical frontend engineering intern projects. You will design, implement, test, and document features using JavaScript, TypeScript, React, Git. Collaborate with engineers through Git-based workflows, review code, debug issues, and learn production development practices. The internship includes a scoped project, mentorship, and regular technical feedback.","JavaScript, TypeScript, React, Git, REST API",0-1 years,Internship,"₹25,000/month",False,https://careers.example.com/internships/INT0049
INT0050,Machine Learning Intern,CoreVista,"Remote, India","Work with the CoreVista engineering team on practical machine learning intern projects. You will design, implement, test, and document features using Python, Machine Learning, Pandas, NumPy. Collaborate with engineers through Git-based workflows, review code, debug issues, and learn production development practices. The internship includes a scoped project, mentorship, and regular technical feedback.","Python, Machine Learning, Pandas, NumPy, Scikit-learn, Git, Kafka",1 year,Internship,,True,https://careers.example.com/internships/INT0050
INT0051,Backend Engineering Intern,BrightScale,"Remote, India","Work with the BrightScale engineering team on practical backend engineering intern projects. You will design, implement, test, and document features using Python, FastAPI, PostgreSQL, Docker. Collaborate with engineers through Git-based workflows, review code, debug issues, and learn production development practices. The internship includes a scoped project, mentorship, and regular technical feedback.","Python, FastAPI, PostgreSQL, Docker, REST API, Git, Pandas, Linux",0 years,Internship,"₹25,000/month",True,https://careers.example.com/internships/INT0051
INT0052,Java Backend Intern,CoreVista,"Pune, India","Work with the CoreVista engineering team on practical java backend intern projects. You will design, implement, test, and document features using Java, Spring Boot, PostgreSQL, Docker. Collaborate with engineers through Git-based workflows, review code, debug issues, and learn production development practices. The internship includes a scoped project, mentorship, and regular technical feedback.","Java, Spring Boot, PostgreSQL, Docker, REST API, Git",0-1 years,Internship,,False,https://careers.example.com/internships/INT0052
INT0053,Data Science Intern,BrightScale,"Pune, India","Work with the BrightScale engineering team on practical data science intern projects. You will design, implement, test, and document features using Python, Pandas, NumPy, SQL. Collaborate with engineers through Git-based workflows, review code, debug issues, and learn production development practices. The internship includes a scoped project, mentorship, and regular technical feedback.","Python, Pandas, NumPy, SQL, Scikit-learn, Machine Learning, Git, TypeScript",1 year,Internship,"₹30,000/month",False,https://careers.example.com/internships/INT0053
INT0054,Frontend Engineering Intern,Vertex Labs,"Pune, India","Work with the Vertex Labs engineering team on practical frontend engineering intern projects. You will design, implement, test, and document features using JavaScript, TypeScript, React, Git. Collaborate with engineers through Git-based workflows, review code, debug issues, and learn production development practices. The internship includes a scoped project, mentorship, and regular technical feedback.","JavaScript, TypeScript, React, Git, REST API",0 years,Internship,"₹15,000/month",False,https://careers.example.com/internships/INT0054
INT0055,Full Stack Intern,BrightScale,"Hyderabad, India","Work with the BrightScale engineering team on practical full stack intern projects. You will design, implement, test, and document features using JavaScript, React, Node.js, SQL. Collaborate with engineers through Git-based workflows, review code, debug issues, and learn production development practices. The internship includes a scoped project, mentorship, and regular technical feedback.","JavaScript, React, Node.js, SQL, Docker, Git",1 year,Internship,"₹30,000/month",False,https://careers.example.com/internships/INT0055
INT0056,NLP Intern,NovaTech,"Remote, India","Work with the NovaTech engineering team on practical nlp intern projects. You will design, implement, test, and document features using Python, NLP, Machine Learning, PyTorch. Collaborate with engineers through Git-based workflows, review code, debug issues, and learn production development practices. The internship includes a scoped project, mentorship, and regular technical feedback.","Python, NLP, Machine Learning, PyTorch, Pandas, NumPy, Docker, Git",1 year,Internship,"₹20,000/month",True,https://careers.example.com/internships/INT0056
INT0057,NLP Intern,DataForge,"Hyderabad, India","Work with the DataForge engineering team on practical nlp intern projects. You will design, implement, test, and document features using Python, NLP, Machine Learning, PyTorch. Collaborate with engineers through Git-based workflows, review code, debug issues, and learn production development practices. The internship includes a scoped project, mentorship, and regular technical feedback.","Python, NLP, Machine Learning, PyTorch, Pandas, NumPy",0-1 years,Internship,"₹20,000/month",False,https://careers.example.com/internships/INT0057
INT0058,Backend Engineering Intern,NovaTech,"Hyderabad, India","Work with the NovaTech engineering team on practical backend engineering intern projects. You will design, implement, test, and document features using Python, FastAPI, PostgreSQL, Docker. Collaborate with engineers through Git-based workflows, review code, debug issues, and learn production development practices. The internship includes a scoped project, mentorship, and regular technical feedback.","Python, FastAPI, PostgreSQL, Docker, REST API, Git, NLP",1 year,Internship,"₹20,000/month",False,https://careers.example.com/internships/INT0058
INT0059,Microservices Intern,DataForge,"Mumbai, India","Work with the DataForge engineering team on practical microservices intern projects. You will design, implement, test, and document features using Java, Spring Boot, Kafka, Docker. Collaborate with engineers through Git-based workflows, review code, debug issues, and learn production development practices. The internship includes a scoped project, mentorship, and regular technical feedback.","Java, Spring Boot, Kafka, Docker, Microservices, PostgreSQL",1 year,Internship,"₹20,000/month",False,https://careers.example.com/internships/INT0059
INT0060,Data Science Intern,BlueOrbit,"Bengaluru, India","Work with the BlueOrbit engineering team on practical data science intern projects. You will design, implement, test, and document features using Python, Pandas, NumPy, SQL. Collaborate with engineers through Git-based workflows, review code, debug issues, and learn production development practices. The internship includes a scoped project, mentorship, and regular technical feedback.","Python, Pandas, NumPy, SQL, Scikit-learn, Machine Learning",0 years,Internship,"₹25,000/month",False,https://careers.example.com/internships/INT0060
INT0061,Cloud Engineering Intern,BlueOrbit,"Bengaluru, India","Work with the BlueOrbit engineering team on practical cloud engineering intern projects. You will design, implement, test, and document features using AWS, Docker, Linux, Git. Collaborate with engineers through Git-based workflows, review code, debug issues, and learn production development practices. The internship includes a scoped project, mentorship, and regular technical feedback.","AWS, Docker, Linux, Git, Python, REST API, TypeScript, JavaScript",0-1 years,Internship,"₹15,000/month",False,https://careers.example.com/internships/INT0061
INT0062,DevOps Intern,Aster Systems,"Mumbai, India","Work with the Aster Systems engineering team on practical devops intern projects. You will design, implement, test, and document features using Docker, Kubernetes, AWS, Linux. Collaborate with engineers through Git-based workflows, review code, debug issues, and learn production development practices. The internship includes a scoped project, mentorship, and regular technical feedback.","Docker, Kubernetes, AWS, Linux, Git, Python",0-1 years,Internship,"₹25,000/month",False,https://careers.example.com/internships/INT0062
INT0063,Data Science Intern,NovaTech,"Mumbai, India","Work with the NovaTech engineering team on practical data science intern projects. You will design, implement, test, and document features using Python, Pandas, NumPy, SQL. Collaborate with engineers through Git-based workflows, review code, debug issues, and learn production development practices. The internship includes a scoped project, mentorship, and regular technical feedback.","Python, Pandas, NumPy, SQL, Scikit-learn, Machine Learning",0-1 years,Internship,"₹25,000/month",False,https://careers.example.com/internships/INT0063
INT0064,Java Backend Intern,BrightScale,"Chennai, India","Work with the BrightScale engineering team on practical java backend intern projects. You will design, implement, test, and document features using Java, Spring Boot, PostgreSQL, Docker. Collaborate with engineers through Git-based workflows, review code, debug issues, and learn production development practices. The internship includes a scoped project, mentorship, and regular technical feedback.","Java, Spring Boot, PostgreSQL, Docker, REST API, Git, Python",1 year,Internship,"₹25,000/month",False,https://careers.example.com/internships/INT0064
INT0065,Backend Engineering Intern,CloudNest,"Remote, India","Work with the CloudNest engineering team on practical backend engineering intern projects. You will design, implement, test, and document features using Python, FastAPI, PostgreSQL, Docker. Collaborate with engineers through Git-based workflows, review code, debug issues, and learn production development practices. The internship includes a scoped project, mentorship, and regular technical feedback.","Python, FastAPI, PostgreSQL, Docker, REST API, Git",0-1 years,Internship,"₹15,000/month",True,https://careers.example.com/internships/INT0065
INT0066,Java Backend Intern,CoreVista,"Mumbai, India","Work with the CoreVista engineering team on practical java backend intern projects. You will design, implement, test, and document features using Java, Spring Boot, PostgreSQL, Docker. Collaborate with engineers through Git-based workflows, review code, debug issues, and learn production development practices. The internship includes a scoped project, mentorship, and regular technical feedback.","Java, Spring Boot, PostgreSQL, Docker, REST API, Git, Python",1 year,Internship,,False,https://careers.example.com/internships/INT0066
INT0067,Java Backend Intern,Aster Systems,"Remote, India","Work with the Aster Systems engineering team on practical java backend intern projects. You will design, implement, test, and document features using Java, Spring Boot, PostgreSQL, Docker. Collaborate with engineers through Git-based workflows, review code, debug issues, and learn production development practices. The internship includes a scoped project, mentorship, and regular technical feedback.","Java, Spring Boot, PostgreSQL, Docker, REST API, Git, FastAPI",1 year,Internship,"₹30,000/month",True,https://careers.example.com/internships/INT0067
INT0068,Backend Engineering Intern,DataForge,"Chennai, India","Work with the DataForge engineering team on practical backend engineering intern projects. You will design, implement, test, and document features using Python, FastAPI, PostgreSQL, Docker. Collaborate with engineers through Git-based workflows, review code, debug issues, and learn production development practices. The internship includes a scoped project, mentorship, and regular technical feedback.","Python, FastAPI, PostgreSQL, Docker, REST API, Git, SQL, TypeScript",0-1 years,Internship,,False,https://careers.example.com/internships/INT0068
INT0069,Full Stack Intern,CloudNest,"Chennai, India","Work with the CloudNest engineering team on practical full stack intern projects. You will design, implement, test, and document features using JavaScript, React, Node.js, SQL. Collaborate with engineers through Git-based workflows, review code, debug issues, and learn production development practices. The internship includes a scoped project, mentorship, and regular technical feedback.","JavaScript, React, Node.js, SQL, Docker, Git, REST API, AWS",0-1 years,Internship,"₹25,000/month",False,https://careers.example.com/internships/INT0069
INT0070,Cloud Engineering Intern,BlueOrbit,"Remote, India","Work with the BlueOrbit engineering team on practical cloud engineering intern projects. You will design, implement, test, and document features using AWS, Docker, Linux, Git. Collaborate with engineers through Git-based workflows, review code, debug issues, and learn production development practices. The internship includes a scoped project, mentorship, and regular technical feedback.","AWS, Docker, Linux, Git, Python, REST API, React, SQL",1 year,Internship,"₹30,000/month",True,https://careers.example.com/internships/INT0070
INT0071,Microservices Intern,CodeHarbor,"Remote, India","Work with the CodeHarbor engineering team on practical microservices intern projects. You will design, implement, test, and document features using Java, Spring Boot, Kafka, Docker. Collaborate with engineers through Git-based workflows, review code, debug issues, and learn production development practices. The internship includes a scoped project, mentorship, and regular technical feedback.","Java, Spring Boot, Kafka, Docker, Microservices, PostgreSQL, Git, NLP",1 year,Internship,"₹15,000/month",True,https://careers.example.com/internships/INT0071
INT0072,Frontend Engineering Intern,PixelWorks,"Delhi NCR, India","Work with the PixelWorks engineering team on practical frontend engineering intern projects. You will design, implement, test, and document features using JavaScript, TypeScript, React, Git. Collaborate with engineers through Git-based workflows, review code, debug issues, and learn production development practices. The internship includes a scoped project, mentorship, and regular technical feedback.","JavaScript, TypeScript, React, Git, REST API, Python",1 year,Internship,"₹25,000/month",False,https://careers.example.com/internships/INT0072
INT0073,DevOps Intern,BrightScale,"Remote, India","Work with the BrightScale engineering team on practical devops intern projects. You will design, implement, test, and document features using Docker, Kubernetes, AWS, Linux. Collaborate with engineers through Git-based workflows, review code, debug issues, and learn production development practices. The internship includes a scoped project, mentorship, and regular technical feedback.","Docker, Kubernetes, AWS, Linux, Git, Python, Pandas",0-1 years,Internship,"₹20,000/month",True,https://careers.example.com/internships/INT0073
INT0074,Microservices Intern,CloudNest,"Chennai, India","Work with the CloudNest engineering team on practical microservices intern projects. You will design, implement, test, and document features using Java, Spring Boot, Kafka, Docker. Collaborate with engineers through Git-based workflows, review code, debug issues, and learn production development practices. The internship includes a scoped project, mentorship, and regular technical feedback.","Java, Spring Boot, Kafka, Docker, Microservices, PostgreSQL",1 year,Internship,"₹25,000/month",False,https://careers.example.com/internships/INT0074
INT0075,Java Backend Intern,BrightScale,"Remote, India","Work with the BrightScale engineering team on practical java backend intern projects. You will design, implement, test, and document features using Java, Spring Boot, PostgreSQL, Docker. Collaborate with engineers through Git-based workflows, review code, debug issues, and learn production development practices. The internship includes a scoped project, mentorship, and regular technical feedback.","Java, Spring Boot, PostgreSQL, Docker, REST API, Git",0 years,Internship,"₹20,000/month",True,https://careers.example.com/internships/INT0075
INT0076,Backend Engineering Intern,Aster Systems,"Delhi NCR, India","Work with the Aster Systems engineering team on practical backend engineering intern projects. You will design, implement, test, and document features using Python, FastAPI, PostgreSQL, Docker. Collaborate with engineers through Git-based workflows, review code, debug issues, and learn production development practices. The internship includes a scoped project, mentorship, and regular technical feedback.","Python, FastAPI, PostgreSQL, Docker, REST API, Git",0 years,Internship,"₹30,000/month",False,https://careers.example.com/internships/INT0076
INT0077,Cloud Engineering Intern,CoreVista,"Mumbai, India","Work with the CoreVista engineering team on practical cloud engineering intern projects. You will design, implement, test, and document features using AWS, Docker, Linux, Git. Collaborate with engineers through Git-based workflows, review code, debug issues, and learn production development practices. The internship includes a scoped project, mentorship, and regular technical feedback.","AWS, Docker, Linux, Git, Python, REST API, Pandas, Scikit-learn",0-1 years,Internship,"₹20,000/month",False,https://careers.example.com/internships/INT0077
INT0078,Machine Learning Intern,PixelWorks,"Remote, India","Work with the PixelWorks engineering team on practical machine learning intern projects. You will design, implement, test, and document features using Python, Machine Learning, Pandas, NumPy. Collaborate with engineers through Git-based workflows, review code, debug issues, and learn production development practices. The internship includes a scoped project, mentorship, and regular technical feedback.","Python, Machine Learning, Pandas, NumPy, Scikit-learn, Git, FastAPI, PostgreSQL",1 year,Internship,,True,https://careers.example.com/internships/INT0078
INT0079,DevOps Intern,FinEdge,"Remote, India","Work with the FinEdge engineering team on practical devops intern projects. You will design, implement, test, and document features using Docker, Kubernetes, AWS, Linux. Collaborate with engineers through Git-based workflows, review code, debug issues, and learn production development practices. The internship includes a scoped project, mentorship, and regular technical feedback.","Docker, Kubernetes, AWS, Linux, Git, Python",0 years,Internship,"₹30,000/month",True,https://careers.example.com/internships/INT0079
INT0080,Machine Learning Intern,FinEdge,"Mumbai, India","Work with the FinEdge engineering team on practical machine learning intern projects. You will design, implement, test, and document features using Python, Machine Learning, Pandas, NumPy. Collaborate with engineers through Git-based workflows, review code, debug issues, and learn production development practices. The internship includes a scoped project, mentorship, and regular technical feedback.","Python, Machine Learning, Pandas, NumPy, Scikit-learn, Git, Spring Boot",1 year,Internship,,False,https://careers.example.com/internships/INT0080
INT0081,Cloud Engineering Intern,CoreVista,"Mumbai, India","Work with the CoreVista engineering team on practical cloud engineering intern projects. You will design, implement, test, and document features using AWS, Docker, Linux, Git. Collaborate with engineers through Git-based workflows, review code, debug issues, and learn production development practices. The internship includes a scoped project, mentorship, and regular technical feedback.","AWS, Docker, Linux, Git, Python, REST API, PyTorch, NumPy",0-1 years,Internship,"₹20,000/month",False,https://careers.example.com/internships/INT0081
INT0082,Microservices Intern,FinEdge,"Hyderabad, India","Work with the FinEdge engineering team on practical microservices intern projects. You will design, implement, test, and document features using Java, Spring Boot, Kafka, Docker. Collaborate with engineers through Git-based workflows, review code, debug issues, and learn production development practices. The internship includes a scoped project, mentorship, and regular technical feedback.","Java, Spring Boot, Kafka, Docker, Microservices, PostgreSQL, Python",0-1 years,Internship,"₹30,000/month",False,https://careers.example.com/internships/INT0082
INT0083,Java Backend Intern,CloudNest,"Delhi NCR, India","Work with the CloudNest engineering team on practical java backend intern projects. You will design, implement, test, and document features using Java, Spring Boot, PostgreSQL, Docker. Collaborate with engineers through Git-based workflows, review code, debug issues, and learn production development practices. The internship includes a scoped project, mentorship, and regular technical feedback.","Java, Spring Boot, PostgreSQL, Docker, REST API, Git, Node.js, React",0 years,Internship,"₹20,000/month",False,https://careers.example.com/internships/INT0083
INT0084,Machine Learning Intern,PixelWorks,"Chennai, India","Work with the PixelWorks engineering team on practical machine learning intern projects. You will design, implement, test, and document features using Python, Machine Learning, Pandas, NumPy. Collaborate with engineers through Git-based workflows, review code, debug issues, and learn production development practices. The internship includes a scoped project, mentorship, and regular technical feedback.","Python, Machine Learning, Pandas, NumPy, Scikit-learn, Git",0 years,Internship,"₹15,000/month",False,https://careers.example.com/internships/INT0084
INT0085,Cloud Engineering Intern,FinEdge,"Bengaluru, India","Work with the FinEdge engineering team on practical cloud engineering intern projects. You will design, implement, test, and document features using AWS, Docker, Linux, Git. Collaborate with engineers through Git-based workflows, review code, debug issues, and learn production development practices. The internship includes a scoped project, mentorship, and regular technical feedback.","AWS, Docker, Linux, Git, Python, REST API, Kubernetes",0 years,Internship,"₹30,000/month",False,https://careers.example.com/internships/INT0085
INT0086,Cloud Engineering Intern,PixelWorks,"Pune, India","Work with the PixelWorks engineering team on practical cloud engineering intern projects. You will design, implement, test, and document features using AWS, Docker, Linux, Git. Collaborate with engineers through Git-based workflows, review code, debug issues, and learn production development practices. The internship includes a scoped project, mentorship, and regular technical feedback.","AWS, Docker, Linux, Git, Python, REST API, PostgreSQL, Pandas",0-1 years,Internship,"₹30,000/month",False,https://careers.example.com/internships/INT0086
INT0087,Cloud Engineering Intern,QuantumStack,"Remote, India","Work with the QuantumStack engineering team on practical cloud engineering intern projects. You will design, implement, test, and document features using AWS, Docker, Linux, Git. Collaborate with engineers through Git-based workflows, review code, debug issues, and learn production development practices. The internship includes a scoped project, mentorship, and regular technical feedback.","AWS, Docker, Linux, Git, Python, REST API, PostgreSQL, JavaScript",0-1 years,Internship,"₹30,000/month",True,https://careers.example.com/internships/INT0087
INT0088,Backend Engineering Intern,BrightScale,"Mumbai, India","Work with the BrightScale engineering team on practical backend engineering intern projects. You will design, implement, test, and document features using Python, FastAPI, PostgreSQL, Docker. Collaborate with engineers through Git-based workflows, review code, debug issues, and learn production development practices. The internship includes a scoped project, mentorship, and regular technical feedback.","Python, FastAPI, PostgreSQL, Docker, REST API, Git, AWS",1 year,Internship,"₹20,000/month",False,https://careers.example.com/internships/INT0088
INT0089,DevOps Intern,CodeHarbor,"Mumbai, India","Work with the CodeHarbor engineering team on practical devops intern projects. You will design, implement, test, and document features using Docker, Kubernetes, AWS, Linux. Collaborate with engineers through Git-based workflows, review code, debug issues, and learn production development practices. The internship includes a scoped project, mentorship, and regular technical feedback.","Docker, Kubernetes, AWS, Linux, Git, Python",1 year,Internship,,False,https://careers.example.com/internships/INT0089
INT0090,Microservices Intern,Vertex Labs,"Hyderabad, India","Work with the Vertex Labs engineering team on practical microservices intern projects. You will design, implement, test, and document features using Java, Spring Boot, Kafka, Docker. Collaborate with engineers through Git-based workflows, review code, debug issues, and learn production development practices. The internship includes a scoped project, mentorship, and regular technical feedback.","Java, Spring Boot, Kafka, Docker, Microservices, PostgreSQL",0-1 years,Internship,"₹20,000/month",False,https://careers.example.com/internships/INT0090
INT0091,Backend Engineering Intern,DataForge,"Remote, India","Work with the DataForge engineering team on practical backend engineering intern projects. You will design, implement, test, and document features using Python, FastAPI, PostgreSQL, Docker. Collaborate with engineers through Git-based workflows, review code, debug issues, and learn production development practices. The internship includes a scoped project, mentorship, and regular technical feedback.","Python, FastAPI, PostgreSQL, Docker, REST API, Git, Machine Learning",0-1 years,Internship,"₹25,000/month",True,https://careers.example.com/internships/INT0091
INT0092,Cloud Engineering Intern,CloudNest,"Mumbai, India","Work with the CloudNest engineering team on practical cloud engineering intern projects. You will design, implement, test, and document features using AWS, Docker, Linux, Git. Collaborate with engineers through Git-based workflows, review code, debug issues, and learn production development practices. The internship includes a scoped project, mentorship, and regular technical feedback.","AWS, Docker, Linux, Git, Python, REST API, NumPy",0 years,Internship,,False,https://careers.example.com/internships/INT0092
INT0093,Backend Engineering Intern,BrightScale,"Remote, India","Work with the BrightScale engineering team on practical backend engineering intern projects. You will design, implement, test, and document features using Python, FastAPI, PostgreSQL, Docker. Collaborate with engineers through Git-based workflows, review code, debug issues, and learn production development practices. The internship includes a scoped project, mentorship, and regular technical feedback.","Python, FastAPI, PostgreSQL, Docker, REST API, Git, JavaScript",1 year,Internship,"₹15,000/month",True,https://careers.example.com/internships/INT0093
INT0094,Backend Engineering Intern,Aster Systems,"Delhi NCR, India","Work with the Aster Systems engineering team on practical backend engineering intern projects. You will design, implement, test, and document features using Python, FastAPI, PostgreSQL, Docker. Collaborate with engineers through Git-based workflows, review code, debug issues, and learn production development practices. The internship includes a scoped project, mentorship, and regular technical feedback.","Python, FastAPI, PostgreSQL, Docker, REST API, Git",0 years,Internship,"₹20,000/month",False,https://careers.example.com/internships/INT0094
INT0095,Machine Learning Intern,CodeHarbor,"Mumbai, India","Work with the CodeHarbor engineering team on practical machine learning intern projects. You will design, implement, test, and document features using Python, Machine Learning, Pandas, NumPy. Collaborate with engineers through Git-based workflows, review code, debug issues, and learn production development practices. The internship includes a scoped project, mentorship, and regular technical feedback.","Python, Machine Learning, Pandas, NumPy, Scikit-learn, Git, Docker",1 year,Internship,"₹25,000/month",False,https://careers.example.com/internships/INT0095
INT0096,Full Stack Intern,CodeHarbor,"Chennai, India","Work with the CodeHarbor engineering team on practical full stack intern projects. You will design, implement, test, and document features using JavaScript, React, Node.js, SQL. Collaborate with engineers through Git-based workflows, review code, debug issues, and learn production development practices. The internship includes a scoped project, mentorship, and regular technical feedback.","JavaScript, React, Node.js, SQL, Docker, Git",1 year,Internship,"₹15,000/month",False,https://careers.example.com/internships/INT0096
INT0097,Machine Learning Intern,CodeHarbor,"Remote, India","Work with the CodeHarbor engineering team on practical machine learning intern projects. You will design, implement, test, and document features using Python, Machine Learning, Pandas, NumPy. Collaborate with engineers through Git-based workflows, review code, debug issues, and learn production development practices. The internship includes a scoped project, mentorship, and regular technical feedback.","Python, Machine Learning, Pandas, NumPy, Scikit-learn, Git, PostgreSQL",0-1 years,Internship,,True,https://careers.example.com/internships/INT0097
INT0098,Microservices Intern,CoreVista,"Remote, India","Work with the CoreVista engineering team on practical microservices intern projects. You will design, implement, test, and document features using Java, Spring Boot, Kafka, Docker. Collaborate with engineers through Git-based workflows, review code, debug issues, and learn production development practices. The internship includes a scoped project, mentorship, and regular technical feedback.","Java, Spring Boot, Kafka, Docker, Microservices, PostgreSQL, Node.js",1 year,Internship,"₹20,000/month",True,https://careers.example.com/internships/INT0098
INT0099,Java Backend Intern,CodeHarbor,"Delhi NCR, India","Work with the CodeHarbor engineering team on practical java backend intern projects. You will design, implement, test, and document features using Java, Spring Boot, PostgreSQL, Docker. Collaborate with engineers through Git-based workflows, review code, debug issues, and learn production development practices. The internship includes a scoped project, mentorship, and regular technical feedback.","Java, Spring Boot, PostgreSQL, Docker, REST API, Git, SQL, AWS",0 years,Internship,"₹25,000/month",False,https://careers.example.com/internships/INT0099
INT0100,NLP Intern,DataForge,"Remote, India","Work with the DataForge engineering team on practical nlp intern projects. You will design, implement, test, and document features using Python, NLP, Machine Learning, PyTorch. Collaborate with engineers through Git-based workflows, review code, debug issues, and learn production development practices. The internship includes a scoped project, mentorship, and regular technical feedback.","Python, NLP, Machine Learning, PyTorch, Pandas, NumPy, Docker",1 year,Internship,"₹25,000/month",True,https://careers.example.com/internships/INT0100
INT0101,Backend Engineering Intern,Vertex Labs,"Pune, India","Work with the Vertex Labs engineering team on practical backend engineering intern projects. You will design, implement, test, and document features using Python, FastAPI, PostgreSQL, Docker. Collaborate with engineers through Git-based workflows, review code, debug issues, and learn production development practices. The internship includes a scoped project, mentorship, and regular technical feedback.","Python, FastAPI, PostgreSQL, Docker, REST API, Git, Spring Boot",1 year,Internship,"₹30,000/month",False,https://careers.example.com/internships/INT0101
INT0102,Data Engineering Intern,PixelWorks,"Remote, India","Work with the PixelWorks engineering team on practical data engineering intern projects. You will design, implement, test, and document features using Python, SQL, Pandas, Kafka. Collaborate with engineers through Git-based workflows, review code, debug issues, and learn production development practices. The internship includes a scoped project, mentorship, and regular technical feedback.","Python, SQL, Pandas, Kafka, AWS, Docker",1 year,Internship,"₹25,000/month",True,https://careers.example.com/internships/INT0102
INT0103,AI Engineering Intern,PixelWorks,"Delhi NCR, India","Work with the PixelWorks engineering team on practical ai engineering intern projects. You will design, implement, test, and document features using Python, Machine Learning, PyTorch, FastAPI. Collaborate with engineers through Git-based workflows, review code, debug issues, and learn production development practices. The internship includes a scoped project, mentorship, and regular technical feedback.","Python, Machine Learning, PyTorch, FastAPI, Docker, Git, Java, NumPy",0-1 years,Internship,"₹25,000/month",False,https://careers.example.com/internships/INT0103
INT0104,Data Science Intern,CloudNest,"Hyderabad, India","Work with the CloudNest engineering team on practical data science intern projects. You will design, implement, test, and document features using Python, Pandas, NumPy, SQL. Collaborate with engineers through Git-based workflows, review code, debug issues, and learn production development practices. The internship includes a scoped project, mentorship, and regular technical feedback.","Python, Pandas, NumPy, SQL, Scikit-learn, Machine Learning",0-1 years,Internship,,False,https://careers.example.com/internships/INT0104
INT0105,AI Engineering Intern,NovaTech,"Pune, India","Work with the NovaTech engineering team on practical ai engineering intern projects. You will design, implement, test, and document features using Python, Machine Learning, PyTorch, FastAPI. Collaborate with engineers through Git-based workflows, review code, debug issues, and learn production development practices. The internship includes a scoped project, mentorship, and regular technical feedback.","Python, Machine Learning, PyTorch, FastAPI, Docker, Git, Kubernetes, AWS",0 years,Internship,"₹30,000/month",False,https://careers.example.com/internships/INT0105
INT0106,Data Science Intern,DataForge,"Remote, India","Work with the DataForge engineering team on practical data science intern projects. You will design, implement, test, and document features using Python, Pandas, NumPy, SQL. Collaborate with engineers through Git-based workflows, review code, debug issues, and learn production development practices. The internship includes a scoped project, mentorship, and regular technical feedback.","Python, Pandas, NumPy, SQL, Scikit-learn, Machine Learning, REST API",1 year,Internship,"₹25,000/month",True,https://careers.example.com/internships/INT0106
INT0107,NLP Intern,FinEdge,"Bengaluru, India","Work with the FinEdge engineering team on practical nlp intern projects. You will design, implement, test, and document features using Python, NLP, Machine Learning, PyTorch. Collaborate with engineers through Git-based workflows, review code, debug issues, and learn production development practices. The internship includes a scoped project, mentorship, and regular technical feedback.","Python, NLP, Machine Learning, PyTorch, Pandas, NumPy",0 years,Internship,"₹30,000/month",False,https://careers.example.com/internships/INT0107
INT0108,DevOps Intern,BrightScale,"Mumbai, India","Work with the BrightScale engineering team on practical devops intern projects. You will design, implement, test, and document features using Docker, Kubernetes, AWS, Linux. Collaborate with engineers through Git-based workflows, review code, debug issues, and learn production development practices. The internship includes a scoped project, mentorship, and regular technical feedback.","Docker, Kubernetes, AWS, Linux, Git, Python, Machine Learning",0 years,Internship,"₹15,000/month",False,https://careers.example.com/internships/INT0108
INT0109,Frontend Engineering Intern,PixelWorks,"Pune, India","Work with the PixelWorks engineering team on practical frontend engineering intern projects. You will design, implement, test, and document features using JavaScript, TypeScript, React, Git. Collaborate with engineers through Git-based workflows, review code, debug issues, and learn production development practices. The internship includes a scoped project, mentorship, and regular technical feedback.","JavaScript, TypeScript, React, Git, REST API",1 year,Internship,,False,https://careers.example.com/internships/INT0109
INT0110,Full Stack Intern,FinEdge,"Chennai, India","Work with the FinEdge engineering team on practical full stack intern projects. You will design, implement, test, and document features using JavaScript, React, Node.js, SQL. Collaborate with engineers through Git-based workflows, review code, debug issues, and learn production development practices. The internship includes a scoped project, mentorship, and regular technical feedback.","JavaScript, React, Node.js, SQL, Docker, Git, Machine Learning",1 year,Internship,"₹25,000/month",False,https://careers.example.com/internships/INT0110
INT0111,Full Stack Intern,CloudNest,"Remote, India","Work with the CloudNest engineering team on practical full stack intern projects. You will design, implement, test, and document features using JavaScript, React, Node.js, SQL. Collaborate with engineers through Git-based workflows, review code, debug issues, and learn production development practices. The internship includes a scoped project, mentorship, and regular technical feedback.","JavaScript, React, Node.js, SQL, Docker, Git, NLP, Machine Learning",0 years,Internship,"₹20,000/month",True,https://careers.example.com/internships/INT0111
INT0112,Full Stack Intern,CoreVista,"Chennai, India","Work with the CoreVista engineering team on practical full stack intern projects. You will design, implement, test, and document features using JavaScript, React, Node.js, SQL. Collaborate with engineers through Git-based workflows, review code, debug issues, and learn production development practices. The internship includes a scoped project, mentorship, and regular technical feedback.","JavaScript, React, Node.js, SQL, Docker, Git",0 years,Internship,"₹20,000/month",False,https://careers.example.com/internships/INT0112
INT0113,Data Science Intern,CoreVista,"Delhi NCR, India","Work with the CoreVista engineering team on practical data science intern projects. You will design, implement, test, and document features using Python, Pandas, NumPy, SQL. Collaborate with engineers through Git-based workflows, review code, debug issues, and learn production development practices. The internship includes a scoped project, mentorship, and regular technical feedback.","Python, Pandas, NumPy, SQL, Scikit-learn, Machine Learning, Linux, JavaScript",1 year,Internship,"₹25,000/month",False,https://careers.example.com/internships/INT0113
INT0114,Java Backend Intern,CloudNest,"Remote, India","Work with the CloudNest engineering team on practical java backend intern projects. You will design, implement, test, and document features using Java, Spring Boot, PostgreSQL, Docker. Collaborate with engineers through Git-based workflows, review code, debug issues, and learn production development practices. The internship includes a scoped project, mentorship, and regular technical feedback.","Java, Spring Boot, PostgreSQL, Docker, REST API, Git",0 years,Internship,"₹25,000/month",True,https://careers.example.com/internships/INT0114
INT0115,Backend Engineering Intern,CloudNest,"Remote, India","Work with the CloudNest engineering team on practical backend engineering intern projects. You will design, implement, test, and document features using Python, FastAPI, PostgreSQL, Docker. Collaborate with engineers through Git-based workflows, review code, debug issues, and learn production development practices. The internship includes a scoped project, mentorship, and regular technical feedback.","Python, FastAPI, PostgreSQL, Docker, REST API, Git, SQL",0 years,Internship,,True,https://careers.example.com/internships/INT0115
INT0116,Frontend Engineering Intern,QuantumStack,"Remote, India","Work with the QuantumStack engineering team on practical frontend engineering intern projects. You will design, implement, test, and document features using JavaScript, TypeScript, React, Git. Collaborate with engineers through Git-based workflows, review code, debug issues, and learn production development practices. The internship includes a scoped project, mentorship, and regular technical feedback.","JavaScript, TypeScript, React, Git, REST API, Python, FastAPI",0 years,Internship,,True,https://careers.example.com/internships/INT0116
INT0117,Frontend Engineering Intern,QuantumStack,"Bengaluru, India","Work with the QuantumStack engineering team on practical frontend engineering intern projects. You will design, implement, test, and document features using JavaScript, TypeScript, React, Git. Collaborate with engineers through Git-based workflows, review code, debug issues, and learn production development practices. The internship includes a scoped project, mentorship, and regular technical feedback.","JavaScript, TypeScript, React, Git, REST API, Python",0-1 years,Internship,"₹30,000/month",False,https://careers.example.com/internships/INT0117
INT0118,Java Backend Intern,PixelWorks,"Delhi NCR, India","Work with the PixelWorks engineering team on practical java backend intern projects. You will design, implement, test, and document features using Java, Spring Boot, PostgreSQL, Docker. Collaborate with engineers through Git-based workflows, review code, debug issues, and learn production development practices. The internship includes a scoped project, mentorship, and regular technical feedback.","Java, Spring Boot, PostgreSQL, Docker, REST API, Git",1 year,Internship,"₹15,000/month",False,https://careers.example.com/internships/INT0118
INT0119,Machine Learning Intern,CodeHarbor,"Bengaluru, India","Work with the CodeHarbor engineering team on practical machine learning intern projects. You will design, implement, test, and document features using Python, Machine Learning, Pandas, NumPy. Collaborate with engineers through Git-based workflows, review code, debug issues, and learn production development practices. The internship includes a scoped project, mentorship, and regular technical feedback.","Python, Machine Learning, Pandas, NumPy, Scikit-learn, Git",0 years,Internship,"₹15,000/month",False,https://careers.example.com/internships/INT0119
INT0120,NLP Intern,CodeHarbor,"Hyderabad, India","Work with the CodeHarbor engineering team on practical nlp intern projects. You will design, implement, test, and document features using Python, NLP, Machine Learning, PyTorch. Collaborate with engineers through Git-based workflows, review code, debug issues, and learn production development practices. The internship includes a scoped project, mentorship, and regular technical feedback.","Python, NLP, Machine Learning, PyTorch, Pandas, NumPy, Git",1 year,Internship,"₹30,000/month",False,https://careers.example.com/internships/INT0120
INT0121,DevOps Intern,CodeHarbor,"Pune, India","Work with the CodeHarbor engineering team on practical devops intern projects. You will design, implement, test, and document features using Docker, Kubernetes, AWS, Linux. Collaborate with engineers through Git-based workflows, review code, debug issues, and learn production development practices. The internship includes a scoped project, mentorship, and regular technical feedback.","Docker, Kubernetes, AWS, Linux, Git, Python, REST API",1 year,Internship,,False,https://careers.example.com/internships/INT0121
INT0122,Backend Engineering Intern,BrightScale,"Remote, India","Work with the BrightScale engineering team on practical backend engineering intern projects. You will design, implement, test, and document features using Python, FastAPI, PostgreSQL, Docker. Collaborate with engineers through Git-based workflows, review code, debug issues, and learn production development practices. The internship includes a scoped project, mentorship, and regular technical feedback.","Python, FastAPI, PostgreSQL, Docker, REST API, Git, Pandas, React",1 year,Internship,"₹15,000/month",True,https://careers.example.com/internships/INT0122
INT0123,Machine Learning Intern,BlueOrbit,"Hyderabad, India","Work with the BlueOrbit engineering team on practical machine learning intern projects. You will design, implement, test, and document features using Python, Machine Learning, Pandas, NumPy. Collaborate with engineers through Git-based workflows, review code, debug issues, and learn production development practices. The internship includes a scoped project, mentorship, and regular technical feedback.","Python, Machine Learning, Pandas, NumPy, Scikit-learn, Git",0 years,Internship,"₹30,000/month",False,https://careers.example.com/internships/INT0123
INT0124,DevOps Intern,CloudNest,"Remote, India","Work with the CloudNest engineering team on practical devops intern projects. You will design, implement, test, and document features using Docker, Kubernetes, AWS, Linux. Collaborate with engineers through Git-based workflows, review code, debug issues, and learn production development practices. The internship includes a scoped project, mentorship, and regular technical feedback.","Docker, Kubernetes, AWS, Linux, Git, Python, SQL, Machine Learning",0-1 years,Internship,"₹25,000/month",True,https://careers.example.com/internships/INT0124
INT0125,Data Engineering Intern,BrightScale,"Remote, India","Work with the BrightScale engineering team on practical data engineering intern projects. You will design, implement, test, and document features using Python, SQL, Pandas, Kafka. Collaborate with engineers through Git-based workflows, review code, debug issues, and learn production development practices. The internship includes a scoped project, mentorship, and regular technical feedback.","Python, SQL, Pandas, Kafka, AWS, Docker, Java",0-1 years,Internship,,True,https://careers.example.com/internships/INT0125
INT0126,Microservices Intern,PixelWorks,"Remote, India","Work with the PixelWorks engineering team on practical microservices intern projects. You will design, implement, test, and document features using Java, Spring Boot, Kafka, Docker. Collaborate with engineers through Git-based workflows, review code, debug issues, and learn production development practices. The internship includes a scoped project, mentorship, and regular technical feedback.","Java, Spring Boot, Kafka, Docker, Microservices, PostgreSQL",0 years,Internship,"₹20,000/month",True,https://careers.example.com/internships/INT0126
INT0127,Frontend Engineering Intern,Vertex Labs,"Remote, India","Work with the Vertex Labs engineering team on practical frontend engineering intern projects. You will design, implement, test, and document features using JavaScript, TypeScript, React, Git. Collaborate with engineers through Git-based workflows, review code, debug issues, and learn production development practices. The internship includes a scoped project, mentorship, and regular technical feedback.","JavaScript, TypeScript, React, Git, REST API",0-1 years,Internship,,True,https://careers.example.com/internships/INT0127
INT0128,Data Engineering Intern,Vertex Labs,"Pune, India","Work with the Vertex Labs engineering team on practical data engineering intern projects. You will design, implement, test, and document features using Python, SQL, Pandas, Kafka. Collaborate with engineers through Git-based workflows, review code, debug issues, and learn production development practices. The internship includes a scoped project, mentorship, and regular technical feedback.","Python, SQL, Pandas, Kafka, AWS, Docker, React, Kubernetes",1 year,Internship,"₹30,000/month",False,https://careers.example.com/internships/INT0128
INT0129,Frontend Engineering Intern,QuantumStack,"Remote, India","Work with the QuantumStack engineering team on practical frontend engineering intern projects. You will design, implement, test, and document features using JavaScript, TypeScript, React, Git. Collaborate with engineers through Git-based workflows, review code, debug issues, and learn production development practices. The internship includes a scoped project, mentorship, and regular technical feedback.","JavaScript, TypeScript, React, Git, REST API, PyTorch, Python",0 years,Internship,"₹30,000/month",True,https://careers.example.com/internships/INT0129
INT0130,Data Engineering Intern,CloudNest,"Remote, India","Work with the CloudNest engineering team on practical data engineering intern projects. You will design, implement, test, and document features using Python, SQL, Pandas, Kafka. Collaborate with engineers through Git-based workflows, review code, debug issues, and learn production development practices. The internship includes a scoped project, mentorship, and regular technical feedback.","Python, SQL, Pandas, Kafka, AWS, Docker, Git",0 years,Internship,,True,https://careers.example.com/internships/INT0130
INT0131,AI Engineering Intern,BrightScale,"Delhi NCR, India","Work with the BrightScale engineering team on practical ai engineering intern projects. You will design, implement, test, and document features using Python, Machine Learning, PyTorch, FastAPI. Collaborate with engineers through Git-based workflows, review code, debug issues, and learn production development practices. The internship includes a scoped project, mentorship, and regular technical feedback.","Python, Machine Learning, PyTorch, FastAPI, Docker, Git",0 years,Internship,"₹20,000/month",False,https://careers.example.com/internships/INT0131
INT0132,DevOps Intern,BlueOrbit,"Mumbai, India","Work with the BlueOrbit engineering team on practical devops intern projects. You will design, implement, test, and document features using Docker, Kubernetes, AWS, Linux. Collaborate with engineers through Git-based workflows, review code, debug issues, and learn production development practices. The internship includes a scoped project, mentorship, and regular technical feedback.","Docker, Kubernetes, AWS, Linux, Git, Python, Pandas, TypeScript",1 year,Internship,"₹30,000/month",False,https://careers.example.com/internships/INT0132
INT0133,Java Backend Intern,PixelWorks,"Chennai, India","Work with the PixelWorks engineering team on practical java backend intern projects. You will design, implement, test, and document features using Java, Spring Boot, PostgreSQL, Docker. Collaborate with engineers through Git-based workflows, review code, debug issues, and learn production development practices. The internship includes a scoped project, mentorship, and regular technical feedback.","Java, Spring Boot, PostgreSQL, Docker, REST API, Git, Python",0 years,Internship,"₹20,000/month",False,https://careers.example.com/internships/INT0133
INT0134,Full Stack Intern,QuantumStack,"Remote, India","Work with the QuantumStack engineering team on practical full stack intern projects. You will design, implement, test, and document features using JavaScript, React, Node.js, SQL. Collaborate with engineers through Git-based workflows, review code, debug issues, and learn production development practices. The internship includes a scoped project, mentorship, and regular technical feedback.","JavaScript, React, Node.js, SQL, Docker, Git, Pandas",0-1 years,Internship,,True,https://careers.example.com/internships/INT0134
INT0135,Backend Engineering Intern,DataForge,"Remote, India","Work with the DataForge engineering team on practical backend engineering intern projects. You will design, implement, test, and document features using Python, FastAPI, PostgreSQL, Docker. Collaborate with engineers through Git-based workflows, review code, debug issues, and learn production development practices. The internship includes a scoped project, mentorship, and regular technical feedback.","Python, FastAPI, PostgreSQL, Docker, REST API, Git, Scikit-learn",0 years,Internship,"₹30,000/month",True,https://careers.example.com/internships/INT0135
INT0136,NLP Intern,BrightScale,"Mumbai, India","Work with the BrightScale engineering team on practical nlp intern projects. You will design, implement, test, and document features using Python, NLP, Machine Learning, PyTorch. Collaborate with engineers through Git-based workflows, review code, debug issues, and learn production development practices. The internship includes a scoped project, mentorship, and regular technical feedback.","Python, NLP, Machine Learning, PyTorch, Pandas, NumPy",0-1 years,Internship,"₹15,000/month",False,https://careers.example.com/internships/INT0136
INT0137,Data Science Intern,QuantumStack,"Bengaluru, India","Work with the QuantumStack engineering team on practical data science intern projects. You will design, implement, test, and document features using Python, Pandas, NumPy, SQL. Collaborate with engineers through Git-based workflows, review code, debug issues, and learn production development practices. The internship includes a scoped project, mentorship, and regular technical feedback.","Python, Pandas, NumPy, SQL, Scikit-learn, Machine Learning, Docker, Spring Boot",0 years,Internship,"₹25,000/month",False,https://careers.example.com/internships/INT0137
INT0138,NLP Intern,CloudNest,"Chennai, India","Work with the CloudNest engineering team on practical nlp intern projects. You will design, implement, test, and document features using Python, NLP, Machine Learning, PyTorch. Collaborate with engineers through Git-based workflows, review code, debug issues, and learn production development practices. The internship includes a scoped project, mentorship, and regular technical feedback.","Python, NLP, Machine Learning, PyTorch, Pandas, NumPy",0-1 years,Internship,"₹15,000/month",False,https://careers.example.com/internships/INT0138
INT0139,Backend Engineering Intern,CloudNest,"Delhi NCR, India","Work with the CloudNest engineering team on practical backend engineering intern projects. You will design, implement, test, and document features using Python, FastAPI, PostgreSQL, Docker. Collaborate with engineers through Git-based workflows, review code, debug issues, and learn production development practices. The internship includes a scoped project, mentorship, and regular technical feedback.","Python, FastAPI, PostgreSQL, Docker, REST API, Git, React, Machine Learning",0-1 years,Internship,"₹15,000/month",False,https://careers.example.com/internships/INT0139
INT0140,Data Science Intern,QuantumStack,"Chennai, India","Work with the QuantumStack engineering team on practical data science intern projects. You will design, implement, test, and document features using Python, Pandas, NumPy, SQL. Collaborate with engineers through Git-based workflows, review code, debug issues, and learn production development practices. The internship includes a scoped project, mentorship, and regular technical feedback.","Python, Pandas, NumPy, SQL, Scikit-learn, Machine Learning",0 years,Internship,"₹30,000/month",False,https://careers.example.com/internships/INT0140
INT0141,Data Engineering Intern,CoreVista,"Remote, India","Work with the CoreVista engineering team on practical data engineering intern projects. You will design, implement, test, and document features using Python, SQL, Pandas, Kafka. Collaborate with engineers through Git-based workflows, review code, debug issues, and learn production development practices. The internship includes a scoped project, mentorship, and regular technical feedback.","Python, SQL, Pandas, Kafka, AWS, Docker, Machine Learning",0-1 years,Internship,"₹30,000/month",True,https://careers.example.com/internships/INT0141
INT0142,Data Science Intern,BlueOrbit,"Delhi NCR, India","Work with the BlueOrbit engineering team on practical data science intern projects. You will design, implement, test, and document features using Python, Pandas, NumPy, SQL. Collaborate with engineers through Git-based workflows, review code, debug issues, and learn production development practices. The internship includes a scoped project, mentorship, and regular technical feedback.","Python, Pandas, NumPy, SQL, Scikit-learn, Machine Learning, FastAPI",1 year,Internship,"₹20,000/month",False,https://careers.example.com/internships/INT0142
INT0143,Java Backend Intern,DataForge,"Delhi NCR, India","Work with the DataForge engineering team on practical java backend intern projects. You will design, implement, test, and document features using Java, Spring Boot, PostgreSQL, Docker. Collaborate with engineers through Git-based workflows, review code, debug issues, and learn production development practices. The internship includes a scoped project, mentorship, and regular technical feedback.","Java, Spring Boot, PostgreSQL, Docker, REST API, Git, Python",0-1 years,Internship,"₹15,000/month",False,https://careers.example.com/internships/INT0143
INT0144,Frontend Engineering Intern,CodeHarbor,"Chennai, India","Work with the CodeHarbor engineering team on practical frontend engineering intern projects. You will design, implement, test, and document features using JavaScript, TypeScript, React, Git. Collaborate with engineers through Git-based workflows, review code, debug issues, and learn production development practices. The internship includes a scoped project, mentorship, and regular technical feedback.","JavaScript, TypeScript, React, Git, REST API, Node.js, Docker",0-1 years,Internship,"₹20,000/month",False,https://careers.example.com/internships/INT0144
INT0145,DevOps Intern,DataForge,"Delhi NCR, India","Work with the DataForge engineering team on practical devops intern projects. You will design, implement, test, and document features using Docker, Kubernetes, AWS, Linux. Collaborate with engineers through Git-based workflows, review code, debug issues, and learn production development practices. The internship includes a scoped project, mentorship, and regular technical feedback.","Docker, Kubernetes, AWS, Linux, Git, Python, Machine Learning, Node.js",0-1 years,Internship,"₹30,000/month",False,https://careers.example.com/internships/INT0145
INT0146,Full Stack Intern,CoreVista,"Remote, India","Work with the CoreVista engineering team on practical full stack intern projects. You will design, implement, test, and document features using JavaScript, React, Node.js, SQL. Collaborate with engineers through Git-based workflows, review code, debug issues, and learn production development practices. The internship includes a scoped project, mentorship, and regular technical feedback.","JavaScript, React, Node.js, SQL, Docker, Git",0-1 years,Internship,"₹20,000/month",True,https://careers.example.com/internships/INT0146
INT0147,Cloud Engineering Intern,DataForge,"Chennai, India","Work with the DataForge engineering team on practical cloud engineering intern projects. You will design, implement, test, and document features using AWS, Docker, Linux, Git. Collaborate with engineers through Git-based workflows, review code, debug issues, and learn production development practices. The internship includes a scoped project, mentorship, and regular technical feedback.","AWS, Docker, Linux, Git, Python, REST API",0-1 years,Internship,"₹30,000/month",False,https://careers.example.com/internships/INT0147
INT0148,Microservices Intern,NovaTech,"Remote, India","Work with the NovaTech engineering team on practical microservices intern projects. You will design, implement, test, and document features using Java, Spring Boot, Kafka, Docker. Collaborate with engineers through Git-based workflows, review code, debug issues, and learn production development practices. The internship includes a scoped project, mentorship, and regular technical feedback.","Java, Spring Boot, Kafka, Docker, Microservices, PostgreSQL, NumPy, Python",1 year,Internship,"₹25,000/month",True,https://careers.example.com/internships/INT0148
INT0149,Java Backend Intern,FinEdge,"Bengaluru, India","Work with the FinEdge engineering team on practical java backend intern projects. You will design, implement, test, and document features using Java, Spring Boot, PostgreSQL, Docker. Collaborate with engineers through Git-based workflows, review code, debug issues, and learn production development practices. The internship includes a scoped project, mentorship, and regular technical feedback.","Java, Spring Boot, PostgreSQL, Docker, REST API, Git, Scikit-learn",1 year,Internship,"₹20,000/month",False,https://careers.example.com/internships/INT0149
INT0150,Cloud Engineering Intern,QuantumStack,"Pune, India","Work with the QuantumStack engineering team on practical cloud engineering intern projects. You will design, implement, test, and document features using AWS, Docker, Linux, Git. Collaborate with engineers through Git-based workflows, review code, debug issues, and learn production development practices. The internship includes a scoped project, mentorship, and regular technical feedback.","AWS, Docker, Linux, Git, Python, REST API, Pandas, PostgreSQL",0-1 years,Internship,,False,https://careers.example.com/internships/INT0150
INT0151,Data Engineering Intern,Vertex Labs,"Chennai, India","Work with the Vertex Labs engineering team on practical data engineering intern projects. You will design, implement, test, and document features using Python, SQL, Pandas, Kafka. Collaborate with engineers through Git-based workflows, review code, debug issues, and learn production development practices. The internship includes a scoped project, mentorship, and regular technical feedback.","Python, SQL, Pandas, Kafka, AWS, Docker, Microservices",1 year,Internship,"₹30,000/month",False,https://careers.example.com/internships/INT0151
INT0152,Full Stack Intern,FinEdge,"Remote, India","Work with the FinEdge engineering team on practical full stack intern projects. You will design, implement, test, and document features using JavaScript, React, Node.js, SQL. Collaborate with engineers through Git-based workflows, review code, debug issues, and learn production development practices. The internship includes a scoped project, mentorship, and regular technical feedback.","JavaScript, React, Node.js, SQL, Docker, Git, Kafka, PyTorch",0 years,Internship,"₹20,000/month",True,https://careers.example.com/internships/INT0152
INT0153,Microservices Intern,CoreVista,"Remote, India","Work with the CoreVista engineering team on practical microservices intern projects. You will design, implement, test, and document features using Java, Spring Boot, Kafka, Docker. Collaborate with engineers through Git-based workflows, review code, debug issues, and learn production development practices. The internship includes a scoped project, mentorship, and regular technical feedback.","Java, Spring Boot, Kafka, Docker, Microservices, PostgreSQL, JavaScript, NumPy",0 years,Internship,"₹15,000/month",True,https://careers.example.com/internships/INT0153
INT0154,DevOps Intern,CoreVista,"Remote, India","Work with the CoreVista engineering team on practical devops intern projects. You will design, implement, test, and document features using Docker, Kubernetes, AWS, Linux. Collaborate with engineers through Git-based workflows, review code, debug issues, and learn production development practices. The internship includes a scoped project, mentorship, and regular technical feedback.","Docker, Kubernetes, AWS, Linux, Git, Python",0 years,Internship,"₹15,000/month",True,https://careers.example.com/internships/INT0154
INT0155,Full Stack Intern,CloudNest,"Mumbai, India","Work with the CloudNest engineering team on practical full stack intern projects. You will design, implement, test, and document features using JavaScript, React, Node.js, SQL. Collaborate with engineers through Git-based workflows, review code, debug issues, and learn production development practices. The internship includes a scoped project, mentorship, and regular technical feedback.","JavaScript, React, Node.js, SQL, Docker, Git",0 years,Internship,"₹20,000/month",False,https://careers.example.com/internships/INT0155
INT0156,NLP Intern,BrightScale,"Hyderabad, India","Work with the BrightScale engineering team on practical nlp intern projects. You will design, implement, test, and document features using Python, NLP, Machine Learning, PyTorch. Collaborate with engineers through Git-based workflows, review code, debug issues, and learn production development practices. The internship includes a scoped project, mentorship, and regular technical feedback.","Python, NLP, Machine Learning, PyTorch, Pandas, NumPy, FastAPI",0 years,Internship,"₹15,000/month",False,https://careers.example.com/internships/INT0156
INT0157,AI Engineering Intern,QuantumStack,"Hyderabad, India","Work with the QuantumStack engineering team on practical ai engineering intern projects. You will design, implement, test, and document features using Python, Machine Learning, PyTorch, FastAPI. Collaborate with engineers through Git-based workflows, review code, debug issues, and learn production development practices. The internship includes a scoped project, mentorship, and regular technical feedback.","Python, Machine Learning, PyTorch, FastAPI, Docker, Git, React",0 years,Internship,"₹30,000/month",False,https://careers.example.com/internships/INT0157
INT0158,Microservices Intern,CloudNest,"Mumbai, India","Work with the CloudNest engineering team on practical microservices intern projects. You will design, implement, test, and document features using Java, Spring Boot, Kafka, Docker. Collaborate with engineers through Git-based workflows, review code, debug issues, and learn production development practices. The internship includes a scoped project, mentorship, and regular technical feedback.","Java, Spring Boot, Kafka, Docker, Microservices, PostgreSQL, Linux",0-1 years,Internship,,False,https://careers.example.com/internships/INT0158
INT0159,Machine Learning Intern,QuantumStack,"Delhi NCR, India","Work with the QuantumStack engineering team on practical machine learning intern projects. You will design, implement, test, and document features using Python, Machine Learning, Pandas, NumPy. Collaborate with engineers through Git-based workflows, review code, debug issues, and learn production development practices. The internship includes a scoped project, mentorship, and regular technical feedback.","Python, Machine Learning, Pandas, NumPy, Scikit-learn, Git",0-1 years,Internship,"₹30,000/month",False,https://careers.example.com/internships/INT0159
INT0160,Data Engineering Intern,CloudNest,"Remote, India","Work with the CloudNest engineering team on practical data engineering intern projects. You will design, implement, test, and document features using Python, SQL, Pandas, Kafka. Collaborate with engineers through Git-based workflows, review code, debug issues, and learn production development practices. The internship includes a scoped project, mentorship, and regular technical feedback.","Python, SQL, Pandas, Kafka, AWS, Docker, Linux",0-1 years,Internship,"₹30,000/month",True,https://careers.example.com/internships/INT0160
INT0161,Java Backend Intern,PixelWorks,"Delhi NCR, India","Work with the PixelWorks engineering team on practical java backend intern projects. You will design, implement, test, and document features using Java, Spring Boot, PostgreSQL, Docker. Collaborate with engineers through Git-based workflows, review code, debug issues, and learn production development practices. The internship includes a scoped project, mentorship, and regular technical feedback.","Java, Spring Boot, PostgreSQL, Docker, REST API, Git",0-1 years,Internship,"₹25,000/month",False,https://careers.example.com/internships/INT0161
INT0162,Backend Engineering Intern,NovaTech,"Chennai, India","Work with the NovaTech engineering team on practical backend engineering intern projects. You will design, implement, test, and document features using Python, FastAPI, PostgreSQL, Docker. Collaborate with engineers through Git-based workflows, review code, debug issues, and learn production development practices. The internship includes a scoped project, mentorship, and regular technical feedback.","Python, FastAPI, PostgreSQL, Docker, REST API, Git, PyTorch, SQL",1 year,Internship,"₹15,000/month",False,https://careers.example.com/internships/INT0162
INT0163,AI Engineering Intern,Aster Systems,"Pune, India","Work with the Aster Systems engineering team on practical ai engineering intern projects. You will design, implement, test, and document features using Python, Machine Learning, PyTorch, FastAPI. Collaborate with engineers through Git-based workflows, review code, debug issues, and learn production development practices. The internship includes a scoped project, mentorship, and regular technical feedback.","Python, Machine Learning, PyTorch, FastAPI, Docker, Git, Spring Boot, React",0 years,Internship,"₹20,000/month",False,https://careers.example.com/internships/INT0163
INT0164,AI Engineering Intern,BrightScale,"Remote, India","Work with the BrightScale engineering team on practical ai engineering intern projects. You will design, implement, test, and document features using Python, Machine Learning, PyTorch, FastAPI. Collaborate with engineers through Git-based workflows, review code, debug issues, and learn production development practices. The internship includes a scoped project, mentorship, and regular technical feedback.","Python, Machine Learning, PyTorch, FastAPI, Docker, Git, Scikit-learn",1 year,Internship,"₹15,000/month",True,https://careers.example.com/internships/INT0164
INT0165,Frontend Engineering Intern,CodeHarbor,"Hyderabad, India","Work with the CodeHarbor engineering team on practical frontend engineering intern projects. You will design, implement, test, and document features using JavaScript, TypeScript, React, Git. Collaborate with engineers through Git-based workflows, review code, debug issues, and learn production development practices. The internship includes a scoped project, mentorship, and regular technical feedback.","JavaScript, TypeScript, React, Git, REST API, PostgreSQL",0 years,Internship,"₹25,000/month",False,https://careers.example.com/internships/INT0165
INT0166,Full Stack Intern,Aster Systems,"Remote, India","Work with the Aster Systems engineering team on practical full stack intern projects. You will design, implement, test, and document features using JavaScript, React, Node.js, SQL. Collaborate with engineers through Git-based workflows, review code, debug issues, and learn production development practices. The internship includes a scoped project, mentorship, and regular technical feedback.","JavaScript, React, Node.js, SQL, Docker, Git, Linux, NumPy",1 year,Internship,"₹25,000/month",True,https://careers.example.com/internships/INT0166
INT0167,NLP Intern,CloudNest,"Mumbai, India","Work with the CloudNest engineering team on practical nlp intern projects. You will design, implement, test, and document features using Python, NLP, Machine Learning, PyTorch. Collaborate with engineers through Git-based workflows, review code, debug issues, and learn production development practices. The internship includes a scoped project, mentorship, and regular technical feedback.","Python, NLP, Machine Learning, PyTorch, Pandas, NumPy, React, Git",0-1 years,Internship,"₹25,000/month",False,https://careers.example.com/internships/INT0167
INT0168,Java Backend Intern,BlueOrbit,"Hyderabad, India","Work with the BlueOrbit engineering team on practical java backend intern projects. You will design, implement, test, and document features using Java, Spring Boot, PostgreSQL, Docker. Collaborate with engineers through Git-based workflows, review code, debug issues, and learn production development practices. The internship includes a scoped project, mentorship, and regular technical feedback.","Java, Spring Boot, PostgreSQL, Docker, REST API, Git, Pandas",1 year,Internship,"₹30,000/month",False,https://careers.example.com/internships/INT0168
INT0169,NLP Intern,PixelWorks,"Remote, India","Work with the PixelWorks engineering team on practical nlp intern projects. You will design, implement, test, and document features using Python, NLP, Machine Learning, PyTorch. Collaborate with engineers through Git-based workflows, review code, debug issues, and learn production development practices. The internship includes a scoped project, mentorship, and regular technical feedback.","Python, NLP, Machine Learning, PyTorch, Pandas, NumPy, Java",1 year,Internship,"₹15,000/month",True,https://careers.example.com/internships/INT0169
INT0170,DevOps Intern,CodeHarbor,"Chennai, India","Work with the CodeHarbor engineering team on practical devops intern projects. You will design, implement, test, and document features using Docker, Kubernetes, AWS, Linux. Collaborate with engineers through Git-based workflows, review code, debug issues, and learn production development practices. The internship includes a scoped project, mentorship, and regular technical feedback.","Docker, Kubernetes, AWS, Linux, Git, Python, JavaScript",0-1 years,Internship,"₹15,000/month",False,https://careers.example.com/internships/INT0170
INT0171,Microservices Intern,QuantumStack,"Remote, India","Work with the QuantumStack engineering team on practical microservices intern projects. You will design, implement, test, and document features using Java, Spring Boot, Kafka, Docker. Collaborate with engineers through Git-based workflows, review code, debug issues, and learn production development practices. The internship includes a scoped project, mentorship, and regular technical feedback.","Java, Spring Boot, Kafka, Docker, Microservices, PostgreSQL",1 year,Internship,"₹25,000/month",True,https://careers.example.com/internships/INT0171
INT0172,AI Engineering Intern,BrightScale,"Remote, India","Work with the BrightScale engineering team on practical ai engineering intern projects. You will design, implement, test, and document features using Python, Machine Learning, PyTorch, FastAPI. Collaborate with engineers through Git-based workflows, review code, debug issues, and learn production development practices. The internship includes a scoped project, mentorship, and regular technical feedback.","Python, Machine Learning, PyTorch, FastAPI, Docker, Git",0-1 years,Internship,"₹25,000/month",True,https://careers.example.com/internships/INT0172
INT0173,Microservices Intern,BlueOrbit,"Remote, India","Work with the BlueOrbit engineering team on practical microservices intern projects. You will design, implement, test, and document features using Java, Spring Boot, Kafka, Docker. Collaborate with engineers through Git-based workflows, review code, debug issues, and learn production development practices. The internship includes a scoped project, mentorship, and regular technical feedback.","Java, Spring Boot, Kafka, Docker, Microservices, PostgreSQL, Machine Learning",0 years,Internship,"₹25,000/month",True,https://careers.example.com/internships/INT0173
INT0174,DevOps Intern,Vertex Labs,"Remote, India","Work with the Vertex Labs engineering team on practical devops intern projects. You will design, implement, test, and document features using Docker, Kubernetes, AWS, Linux. Collaborate with engineers through Git-based workflows, review code, debug issues, and learn production development practices. The internship includes a scoped project, mentorship, and regular technical feedback.","Docker, Kubernetes, AWS, Linux, Git, Python",1 year,Internship,"₹20,000/month",True,https://careers.example.com/internships/INT0174
INT0175,Cloud Engineering Intern,BrightScale,"Chennai, India","Work with the BrightScale engineering team on practical cloud engineering intern projects. You will design, implement, test, and document features using AWS, Docker, Linux, Git. Collaborate with engineers through Git-based workflows, review code, debug issues, and learn production development practices. The internship includes a scoped project, mentorship, and regular technical feedback.","AWS, Docker, Linux, Git, Python, REST API, Machine Learning",1 year,Internship,"₹30,000/month",False,https://careers.example.com/internships/INT0175
INT0176,AI Engineering Intern,BrightScale,"Remote, India","Work with the BrightScale engineering team on practical ai engineering intern projects. You will design, implement, test, and document features using Python, Machine Learning, PyTorch, FastAPI. Collaborate with engineers through Git-based workflows, review code, debug issues, and learn production development practices. The internship includes a scoped project, mentorship, and regular technical feedback.","Python, Machine Learning, PyTorch, FastAPI, Docker, Git, Pandas, Linux",0-1 years,Internship,,True,https://careers.example.com/internships/INT0176
INT0177,Cloud Engineering Intern,CoreVista,"Mumbai, India","Work with the CoreVista engineering team on practical cloud engineering intern projects. You will design, implement, test, and document features using AWS, Docker, Linux, Git. Collaborate with engineers through Git-based workflows, review code, debug issues, and learn production development practices. The internship includes a scoped project, mentorship, and regular technical feedback.","AWS, Docker, Linux, Git, Python, REST API, Java",0-1 years,Internship,"₹20,000/month",False,https://careers.example.com/internships/INT0177
INT0178,Full Stack Intern,BrightScale,"Chennai, India","Work with the BrightScale engineering team on practical full stack intern projects. You will design, implement, test, and document features using JavaScript, React, Node.js, SQL. Collaborate with engineers through Git-based workflows, review code, debug issues, and learn production development practices. The internship includes a scoped project, mentorship, and regular technical feedback.","JavaScript, React, Node.js, SQL, Docker, Git",0-1 years,Internship,"₹15,000/month",False,https://careers.example.com/internships/INT0178
INT0179,Cloud Engineering Intern,Vertex Labs,"Mumbai, India","Work with the Vertex Labs engineering team on practical cloud engineering intern projects. You will design, implement, test, and document features using AWS, Docker, Linux, Git. Collaborate with engineers through Git-based workflows, review code, debug issues, and learn production development practices. The internship includes a scoped project, mentorship, and regular technical feedback.","AWS, Docker, Linux, Git, Python, REST API, Scikit-learn",0 years,Internship,"₹20,000/month",False,https://careers.example.com/internships/INT0179
INT0180,Microservices Intern,NovaTech,"Hyderabad, India","Work with the NovaTech engineering team on practical microservices intern projects. You will design, implement, test, and document features using Java, Spring Boot, Kafka, Docker. Collaborate with engineers through Git-based workflows, review code, debug issues, and learn production development practices. The internship includes a scoped project, mentorship, and regular technical feedback.","Java, Spring Boot, Kafka, Docker, Microservices, PostgreSQL, Python, FastAPI",0 years,Internship,,False,https://careers.example.com/internships/INT0180
INT0181,Data Science Intern,FinEdge,"Remote, India","Work with the FinEdge engineering team on practical data science intern projects. You will design, implement, test, and document features using Python, Pandas, NumPy, SQL. Collaborate with engineers through Git-based workflows, review code, debug issues, and learn production development practices. The internship includes a scoped project, mentorship, and regular technical feedback.","Python, Pandas, NumPy, SQL, Scikit-learn, Machine Learning",0 years,Internship,"₹20,000/month",True,https://careers.example.com/internships/INT0181
INT0182,Full Stack Intern,CodeHarbor,"Remote, India","Work with the CodeHarbor engineering team on practical full stack intern projects. You will design, implement, test, and document features using JavaScript, React, Node.js, SQL. Collaborate with engineers through Git-based workflows, review code, debug issues, and learn production development practices. The internship includes a scoped project, mentorship, and regular technical feedback.","JavaScript, React, Node.js, SQL, Docker, Git",0 years,Internship,"₹20,000/month",True,https://careers.example.com/internships/INT0182
INT0183,NLP Intern,Vertex Labs,"Bengaluru, India","Work with the Vertex Labs engineering team on practical nlp intern projects. You will design, implement, test, and document features using Python, NLP, Machine Learning, PyTorch. Collaborate with engineers through Git-based workflows, review code, debug issues, and learn production development practices. The internship includes a scoped project, mentorship, and regular technical feedback.","Python, NLP, Machine Learning, PyTorch, Pandas, NumPy, Scikit-learn",0 years,Internship,"₹15,000/month",False,https://careers.example.com/internships/INT0183
INT0184,Full Stack Intern,CodeHarbor,"Hyderabad, India","Work with the CodeHarbor engineering team on practical full stack intern projects. You will design, implement, test, and document features using JavaScript, React, Node.js, SQL. Collaborate with engineers through Git-based workflows, review code, debug issues, and learn production development practices. The internship includes a scoped project, mentorship, and regular technical feedback.","JavaScript, React, Node.js, SQL, Docker, Git",0-1 years,Internship,"₹15,000/month",False,https://careers.example.com/internships/INT0184
INT0185,Machine Learning Intern,Vertex Labs,"Mumbai, India","Work with the Vertex Labs engineering team on practical machine learning intern projects. You will design, implement, test, and document features using Python, Machine Learning, Pandas, NumPy. Collaborate with engineers through Git-based workflows, review code, debug issues, and learn production development practices. The internship includes a scoped project, mentorship, and regular technical feedback.","Python, Machine Learning, Pandas, NumPy, Scikit-learn, Git, Linux, Spring Boot",0-1 years,Internship,"₹25,000/month",False,https://careers.example.com/internships/INT0185
INT0186,NLP Intern,FinEdge,"Remote, India","Work with the FinEdge engineering team on practical nlp intern projects. You will design, implement, test, and document features using Python, NLP, Machine Learning, PyTorch. Collaborate with engineers through Git-based workflows, review code, debug issues, and learn production development practices. The internship includes a scoped project, mentorship, and regular technical feedback.","Python, NLP, Machine Learning, PyTorch, Pandas, NumPy, Spring Boot, Linux",1 year,Internship,"₹15,000/month",True,https://careers.example.com/internships/INT0186
INT0187,Data Engineering Intern,QuantumStack,"Bengaluru, India","Work with the QuantumStack engineering team on practical data engineering intern projects. You will design, implement, test, and document features using Python, SQL, Pandas, Kafka. Collaborate with engineers through Git-based workflows, review code, debug issues, and learn production development practices. The internship includes a scoped project, mentorship, and regular technical feedback.","Python, SQL, Pandas, Kafka, AWS, Docker, PyTorch, Git",0 years,Internship,"₹30,000/month",False,https://careers.example.com/internships/INT0187
INT0188,Cloud Engineering Intern,QuantumStack,"Mumbai, India","Work with the QuantumStack engineering team on practical cloud engineering intern projects. You will design, implement, test, and document features using AWS, Docker, Linux, Git. Collaborate with engineers through Git-based workflows, review code, debug issues, and learn production development practices. The internship includes a scoped project, mentorship, and regular technical feedback.","AWS, Docker, Linux, Git, Python, REST API, Pandas",0 years,Internship,"₹15,000/month",False,https://careers.example.com/internships/INT0188
INT0189,Full Stack Intern,BlueOrbit,"Remote, India","Work with the BlueOrbit engineering team on practical full stack intern projects. You will design, implement, test, and document features using JavaScript, React, Node.js, SQL. Collaborate with engineers through Git-based workflows, review code, debug issues, and learn production development practices. The internship includes a scoped project, mentorship, and regular technical feedback.","JavaScript, React, Node.js, SQL, Docker, Git, Machine Learning, Java",1 year,Internship,,True,https://careers.example.com/internships/INT0189
INT0190,NLP Intern,CodeHarbor,"Mumbai, India","Work with the CodeHarbor engineering team on practical nlp intern projects. You will design, implement, test, and document features using Python, NLP, Machine Learning, PyTorch. Collaborate with engineers through Git-based workflows, review code, debug issues, and learn production development practices. The internship includes a scoped project, mentorship, and regular technical feedback.","Python, NLP, Machine Learning, PyTorch, Pandas, NumPy, JavaScript, Docker",1 year,Internship,,False,https://careers.example.com/internships/INT0190
INT0191,Cloud Engineering Intern,CoreVista,"Remote, India","Work with the CoreVista engineering team on practical cloud engineering intern projects. You will design, implement, test, and document features using AWS, Docker, Linux, Git. Collaborate with engineers through Git-based workflows, review code, debug issues, and learn production development practices. The internship includes a scoped project, mentorship, and regular technical feedback.","AWS, Docker, Linux, Git, Python, REST API",1 year,Internship,,True,https://careers.example.com/internships/INT0191
INT0192,Data Engineering Intern,PixelWorks,"Hyderabad, India","Work with the PixelWorks engineering team on practical data engineering intern projects. You will design, implement, test, and document features using Python, SQL, Pandas, Kafka. Collaborate with engineers through Git-based workflows, review code, debug issues, and learn production development practices. The internship includes a scoped project, mentorship, and regular technical feedback.","Python, SQL, Pandas, Kafka, AWS, Docker",0-1 years,Internship,"₹25,000/month",False,https://careers.example.com/internships/INT0192
INT0193,DevOps Intern,CoreVista,"Remote, India","Work with the CoreVista engineering team on practical devops intern projects. You will design, implement, test, and document features using Docker, Kubernetes, AWS, Linux. Collaborate with engineers through Git-based workflows, review code, debug issues, and learn production development practices. The internship includes a scoped project, mentorship, and regular technical feedback.","Docker, Kubernetes, AWS, Linux, Git, Python, Machine Learning",0-1 years,Internship,"₹25,000/month",True,https://careers.example.com/internships/INT0193
INT0194,Microservices Intern,BlueOrbit,"Mumbai, India","Work with the BlueOrbit engineering team on practical microservices intern projects. You will design, implement, test, and document features using Java, Spring Boot, Kafka, Docker. Collaborate with engineers through Git-based workflows, review code, debug issues, and learn production development practices. The internship includes a scoped project, mentorship, and regular technical feedback.","Java, Spring Boot, Kafka, Docker, Microservices, PostgreSQL, JavaScript",0 years,Internship,"₹15,000/month",False,https://careers.example.com/internships/INT0194
INT0195,Java Backend Intern,PixelWorks,"Remote, India","Work with the PixelWorks engineering team on practical java backend intern projects. You will design, implement, test, and document features using Java, Spring Boot, PostgreSQL, Docker. Collaborate with engineers through Git-based workflows, review code, debug issues, and learn production development practices. The internship includes a scoped project, mentorship, and regular technical feedback.","Java, Spring Boot, PostgreSQL, Docker, REST API, Git",1 year,Internship,"₹25,000/month",True,https://careers.example.com/internships/INT0195
INT0196,Machine Learning Intern,FinEdge,"Chennai, India","Work with the FinEdge engineering team on practical machine learning intern projects. You will design, implement, test, and document features using Python, Machine Learning, Pandas, NumPy. Collaborate with engineers through Git-based workflows, review code, debug issues, and learn production development practices. The internship includes a scoped project, mentorship, and regular technical feedback.","Python, Machine Learning, Pandas, NumPy, Scikit-learn, Git, REST API, PostgreSQL",0 years,Internship,"₹30,000/month",False,https://careers.example.com/internships/INT0196
INT0197,Full Stack Intern,NovaTech,"Delhi NCR, India","Work with the NovaTech engineering team on practical full stack intern projects. You will design, implement, test, and document features using JavaScript, React, Node.js, SQL. Collaborate with engineers through Git-based workflows, review code, debug issues, and learn production development practices. The internship includes a scoped project, mentorship, and regular technical feedback.","JavaScript, React, Node.js, SQL, Docker, Git, Python, AWS",0-1 years,Internship,"₹25,000/month",False,https://careers.example.com/internships/INT0197
INT0198,Java Backend Intern,BlueOrbit,"Hyderabad, India","Work with the BlueOrbit engineering team on practical java backend intern projects. You will design, implement, test, and document features using Java, Spring Boot, PostgreSQL, Docker. Collaborate with engineers through Git-based workflows, review code, debug issues, and learn production development practices. The internship includes a scoped project, mentorship, and regular technical feedback.","Java, Spring Boot, PostgreSQL, Docker, REST API, Git, NumPy, JavaScript",0 years,Internship,"₹25,000/month",False,https://careers.example.com/internships/INT0198
INT0199,NLP Intern,CloudNest,"Mumbai, India","Work with the CloudNest engineering team on practical nlp intern projects. You will design, implement, test, and document features using Python, NLP, Machine Learning, PyTorch. Collaborate with engineers through Git-based workflows, review code, debug issues, and learn production development practices. The internship includes a scoped project, mentorship, and regular technical feedback.","Python, NLP, Machine Learning, PyTorch, Pandas, NumPy, PostgreSQL",1 year,Internship,,False,https://careers.example.com/internships/INT0199
INT0200,AI Engineering Intern,CodeHarbor,"Chennai, India","Work with the CodeHarbor engineering team on practical ai engineering intern projects. You will design, implement, test, and document features using Python, Machine Learning, PyTorch, FastAPI. Collaborate with engineers through Git-based workflows, review code, debug issues, and learn production development practices. The internship includes a scoped project, mentorship, and regular technical feedback.","Python, Machine Learning, PyTorch, FastAPI, Docker, Git, SQL, REST API",0-1 years,Internship,"₹15,000/month",False,https://careers.example.com/internships/INT0200
INT0201,Machine Learning Intern,DataForge,"Hyderabad, India","Work with the DataForge engineering team on practical machine learning intern projects. You will design, implement, test, and document features using Python, Machine Learning, Pandas, NumPy. Collaborate with engineers through Git-based workflows, review code, debug issues, and learn production development practices. The internship includes a scoped project, mentorship, and regular technical feedback.","Python, Machine Learning, Pandas, NumPy, Scikit-learn, Git, AWS",0 years,Internship,,False,https://careers.example.com/internships/INT0201
INT0202,Microservices Intern,BlueOrbit,"Bengaluru, India","Work with the BlueOrbit engineering team on practical microservices intern projects. You will design, implement, test, and document features using Java, Spring Boot, Kafka, Docker. Collaborate with engineers through Git-based workflows, review code, debug issues, and learn production development practices. The internship includes a scoped project, mentorship, and regular technical feedback.","Java, Spring Boot, Kafka, Docker, Microservices, PostgreSQL, REST API",0 years,Internship,,False,https://careers.example.com/internships/INT0202
INT0203,Data Science Intern,QuantumStack,"Pune, India","Work with the QuantumStack engineering team on practical data science intern projects. You will design, implement, test, and document features using Python, Pandas, NumPy, SQL. Collaborate with engineers through Git-based workflows, review code, debug issues, and learn production development practices. The internship includes a scoped project, mentorship, and regular technical feedback.","Python, Pandas, NumPy, SQL, Scikit-learn, Machine Learning, REST API",0-1 years,Internship,"₹25,000/month",False,https://careers.example.com/internships/INT0203
INT0204,AI Engineering Intern,BlueOrbit,"Remote, India","Work with the BlueOrbit engineering team on practical ai engineering intern projects. You will design, implement, test, and document features using Python, Machine Learning, PyTorch, FastAPI. Collaborate with engineers through Git-based workflows, review code, debug issues, and learn production development practices. The internship includes a scoped project, mentorship, and regular technical feedback.","Python, Machine Learning, PyTorch, FastAPI, Docker, Git, REST API, Spring Boot",1 year,Internship,"₹15,000/month",True,https://careers.example.com/internships/INT0204
INT0205,Microservices Intern,CloudNest,"Mumbai, India","Work with the CloudNest engineering team on practical microservices intern projects. You will design, implement, test, and document features using Java, Spring Boot, Kafka, Docker. Collaborate with engineers through Git-based workflows, review code, debug issues, and learn production development practices. The internship includes a scoped project, mentorship, and regular technical feedback.","Java, Spring Boot, Kafka, Docker, Microservices, PostgreSQL",0-1 years,Internship,,False,https://careers.example.com/internships/INT0205
INT0206,DevOps Intern,Aster Systems,"Bengaluru, India","Work with the Aster Systems engineering team on practical devops intern projects. You will design, implement, test, and document features using Docker, Kubernetes, AWS, Linux. Collaborate with engineers through Git-based workflows, review code, debug issues, and learn production development practices. The internship includes a scoped project, mentorship, and regular technical feedback.","Docker, Kubernetes, AWS, Linux, Git, Python, TypeScript",0-1 years,Internship,"₹30,000/month",False,https://careers.example.com/internships/INT0206
INT0207,Java Backend Intern,BrightScale,"Delhi NCR, India","Work with the BrightScale engineering team on practical java backend intern projects. You will design, implement, test, and document features using Java, Spring Boot, PostgreSQL, Docker. Collaborate with engineers through Git-based workflows, review code, debug issues, and learn production development practices. The internship includes a scoped project, mentorship, and regular technical feedback.","Java, Spring Boot, PostgreSQL, Docker, REST API, Git, AWS",1 year,Internship,"₹25,000/month",False,https://careers.example.com/internships/INT0207
INT0208,Backend Engineering Intern,PixelWorks,"Bengaluru, India","Work with the PixelWorks engineering team on practical backend engineering intern projects. You will design, implement, test, and document features using Python, FastAPI, PostgreSQL, Docker. Collaborate with engineers through Git-based workflows, review code, debug issues, and learn production development practices. The internship includes a scoped project, mentorship, and regular technical feedback.","Python, FastAPI, PostgreSQL, Docker, REST API, Git",0 years,Internship,"₹20,000/month",False,https://careers.example.com/internships/INT0208
INT0209,Frontend Engineering Intern,BlueOrbit,"Pune, India","Work with the BlueOrbit engineering team on practical frontend engineering intern projects. You will design, implement, test, and document features using JavaScript, TypeScript, React, Git. Collaborate with engineers through Git-based workflows, review code, debug issues, and learn production development practices. The internship includes a scoped project, mentorship, and regular technical feedback.","JavaScript, TypeScript, React, Git, REST API",0-1 years,Internship,"₹15,000/month",False,https://careers.example.com/internships/INT0209
INT0210,Backend Engineering Intern,BlueOrbit,"Remote, India","Work with the BlueOrbit engineering team on practical backend engineering intern projects. You will design, implement, test, and document features using Python, FastAPI, PostgreSQL, Docker. Collaborate with engineers through Git-based workflows, review code, debug issues, and learn production development practices. The internship includes a scoped project, mentorship, and regular technical feedback.","Python, FastAPI, PostgreSQL, Docker, REST API, Git, NumPy",1 year,Internship,"₹20,000/month",True,https://careers.example.com/internships/INT0210
INT0211,NLP Intern,Vertex Labs,"Chennai, India","Work with the Vertex Labs engineering team on practical nlp intern projects. You will design, implement, test, and document features using Python, NLP, Machine Learning, PyTorch. Collaborate with engineers through Git-based workflows, review code, debug issues, and learn production development practices. The internship includes a scoped project, mentorship, and regular technical feedback.","Python, NLP, Machine Learning, PyTorch, Pandas, NumPy, Docker, Node.js",0 years,Internship,"₹30,000/month",False,https://careers.example.com/internships/INT0211
INT0212,Backend Engineering Intern,DataForge,"Delhi NCR, India","Work with the DataForge engineering team on practical backend engineering intern projects. You will design, implement, test, and document features using Python, FastAPI, PostgreSQL, Docker. Collaborate with engineers through Git-based workflows, review code, debug issues, and learn production development practices. The internship includes a scoped project, mentorship, and regular technical feedback.","Python, FastAPI, PostgreSQL, Docker, REST API, Git, NumPy",0-1 years,Internship,"₹30,000/month",False,https://careers.example.com/internships/INT0212
INT0213,Frontend Engineering Intern,PixelWorks,"Remote, India","Work with the PixelWorks engineering team on practical frontend engineering intern projects. You will design, implement, test, and document features using JavaScript, TypeScript, React, Git. Collaborate with engineers through Git-based workflows, review code, debug issues, and learn production development practices. The internship includes a scoped project, mentorship, and regular technical feedback.","JavaScript, TypeScript, React, Git, REST API",0-1 years,Internship,"₹20,000/month",True,https://careers.example.com/internships/INT0213
INT0214,AI Engineering Intern,Vertex Labs,"Bengaluru, India","Work with the Vertex Labs engineering team on practical ai engineering intern projects. You will design, implement, test, and document features using Python, Machine Learning, PyTorch, FastAPI. Collaborate with engineers through Git-based workflows, review code, debug issues, and learn production development practices. The internship includes a scoped project, mentorship, and regular technical feedback.","Python, Machine Learning, PyTorch, FastAPI, Docker, Git, REST API",0 years,Internship,"₹30,000/month",False,https://careers.example.com/internships/INT0214
INT0215,AI Engineering Intern,Vertex Labs,"Pune, India","Work with the Vertex Labs engineering team on practical ai engineering intern projects. You will design, implement, test, and document features using Python, Machine Learning, PyTorch, FastAPI. Collaborate with engineers through Git-based workflows, review code, debug issues, and learn production development practices. The internship includes a scoped project, mentorship, and regular technical feedback.","Python, Machine Learning, PyTorch, FastAPI, Docker, Git, Microservices",1 year,Internship,"₹25,000/month",False,https://careers.example.com/internships/INT0215
INT0216,Data Science Intern,Vertex Labs,"Bengaluru, India","Work with the Vertex Labs engineering team on practical data science intern projects. You will design, implement, test, and document features using Python, Pandas, NumPy, SQL. Collaborate with engineers through Git-based workflows, review code, debug issues, and learn production development practices. The internship includes a scoped project, mentorship, and regular technical feedback.","Python, Pandas, NumPy, SQL, Scikit-learn, Machine Learning, Git",1 year,Internship,,False,https://careers.example.com/internships/INT0216
INT0217,Data Science Intern,CoreVista,"Chennai, India","Work with the CoreVista engineering team on practical data science intern projects. You will design, implement, test, and document features using Python, Pandas, NumPy, SQL. Collaborate with engineers through Git-based workflows, review code, debug issues, and learn production development practices. The internship includes a scoped project, mentorship, and regular technical feedback.","Python, Pandas, NumPy, SQL, Scikit-learn, Machine Learning, AWS",0 years,Internship,"₹20,000/month",False,https://careers.example.com/internships/INT0217
INT0218,Java Backend Intern,CloudNest,"Remote, India","Work with the CloudNest engineering team on practical java backend intern projects. You will design, implement, test, and document features using Java, Spring Boot, PostgreSQL, Docker. Collaborate with engineers through Git-based workflows, review code, debug issues, and learn production development practices. The internship includes a scoped project, mentorship, and regular technical feedback.","Java, Spring Boot, PostgreSQL, Docker, REST API, Git",1 year,Internship,"₹20,000/month",True,https://careers.example.com/internships/INT0218
INT0219,Microservices Intern,BlueOrbit,"Chennai, India","Work with the BlueOrbit engineering team on practical microservices intern projects. You will design, implement, test, and document features using Java, Spring Boot, Kafka, Docker. Collaborate with engineers through Git-based workflows, review code, debug issues, and learn production development practices. The internship includes a scoped project, mentorship, and regular technical feedback.","Java, Spring Boot, Kafka, Docker, Microservices, PostgreSQL",0-1 years,Internship,"₹30,000/month",False,https://careers.example.com/internships/INT0219
INT0220,AI Engineering Intern,BrightScale,"Delhi NCR, India","Work with the BrightScale engineering team on practical ai engineering intern projects. You will design, implement, test, and document features using Python, Machine Learning, PyTorch, FastAPI. Collaborate with engineers through Git-based workflows, review code, debug issues, and learn production development practices. The internship includes a scoped project, mentorship, and regular technical feedback.","Python, Machine Learning, PyTorch, FastAPI, Docker, Git, Pandas",0-1 years,Internship,"₹25,000/month",False,https://careers.example.com/internships/INT0220
INT0221,Machine Learning Intern,QuantumStack,"Pune, India","Work with the QuantumStack engineering team on practical machine learning intern projects. You will design, implement, test, and document features using Python, Machine Learning, Pandas, NumPy. Collaborate with engineers through Git-based workflows, review code, debug issues, and learn production development practices. The internship includes a scoped project, mentorship, and regular technical feedback.","Python, Machine Learning, Pandas, NumPy, Scikit-learn, Git, Java",0-1 years,Internship,,False,https://careers.example.com/internships/INT0221
INT0222,Backend Engineering Intern,Vertex Labs,"Remote, India","Work with the Vertex Labs engineering team on practical backend engineering intern projects. You will design, implement, test, and document features using Python, FastAPI, PostgreSQL, Docker. Collaborate with engineers through Git-based workflows, review code, debug issues, and learn production development practices. The internship includes a scoped project, mentorship, and regular technical feedback.","Python, FastAPI, PostgreSQL, Docker, REST API, Git, Kafka",0-1 years,Internship,"₹15,000/month",True,https://careers.example.com/internships/INT0222
INT0223,Backend Engineering Intern,Vertex Labs,"Bengaluru, India","Work with the Vertex Labs engineering team on practical backend engineering intern projects. You will design, implement, test, and document features using Python, FastAPI, PostgreSQL, Docker. Collaborate with engineers through Git-based workflows, review code, debug issues, and learn production development practices. The internship includes a scoped project, mentorship, and regular technical feedback.","Python, FastAPI, PostgreSQL, Docker, REST API, Git, AWS",1 year,Internship,,False,https://careers.example.com/internships/INT0223
INT0224,NLP Intern,CodeHarbor,"Chennai, India","Work with the CodeHarbor engineering team on practical nlp intern projects. You will design, implement, test, and document features using Python, NLP, Machine Learning, PyTorch. Collaborate with engineers through Git-based workflows, review code, debug issues, and learn production development practices. The internship includes a scoped project, mentorship, and regular technical feedback.","Python, NLP, Machine Learning, PyTorch, Pandas, NumPy, Git",0 years,Internship,"₹30,000/month",False,https://careers.example.com/internships/INT0224
INT0225,AI Engineering Intern,CodeHarbor,"Hyderabad, India","Work with the CodeHarbor engineering team on practical ai engineering intern projects. You will design, implement, test, and document features using Python, Machine Learning, PyTorch, FastAPI. Collaborate with engineers through Git-based workflows, review code, debug issues, and learn production development practices. The internship includes a scoped project, mentorship, and regular technical feedback.","Python, Machine Learning, PyTorch, FastAPI, Docker, Git, Scikit-learn, SQL",0 years,Internship,"₹30,000/month",False,https://careers.example.com/internships/INT0225
INT0226,Java Backend Intern,FinEdge,"Bengaluru, India","Work with the FinEdge engineering team on practical java backend intern projects. You will design, implement, test, and document features using Java, Spring Boot, PostgreSQL, Docker. Collaborate with engineers through Git-based workflows, review code, debug issues, and learn production development practices. The internship includes a scoped project, mentorship, and regular technical feedback.","Java, Spring Boot, PostgreSQL, Docker, REST API, Git, NumPy",0 years,Internship,"₹30,000/month",False,https://careers.example.com/internships/INT0226
INT0227,DevOps Intern,BlueOrbit,"Pune, India","Work with the BlueOrbit engineering team on practical devops intern projects. You will design, implement, test, and document features using Docker, Kubernetes, AWS, Linux. Collaborate with engineers through Git-based workflows, review code, debug issues, and learn production development practices. The internship includes a scoped project, mentorship, and regular technical feedback.","Docker, Kubernetes, AWS, Linux, Git, Python, Java, Pandas",0-1 years,Internship,"₹30,000/month",False,https://careers.example.com/internships/INT0227
INT0228,Full Stack Intern,BrightScale,"Bengaluru, India","Work with the BrightScale engineering team on practical full stack intern projects. You will design, implement, test, and document features using JavaScript, React, Node.js, SQL. Collaborate with engineers through Git-based workflows, review code, debug issues, and learn production development practices. The internship includes a scoped project, mentorship, and regular technical feedback.","JavaScript, React, Node.js, SQL, Docker, Git, Java, REST API",0-1 years,Internship,"₹15,000/month",False,https://careers.example.com/internships/INT0228
INT0229,NLP Intern,CloudNest,"Chennai, India","Work with the CloudNest engineering team on practical nlp intern projects. You will design, implement, test, and document features using Python, NLP, Machine Learning, PyTorch. Collaborate with engineers through Git-based workflows, review code, debug issues, and learn production development practices. The internship includes a scoped project, mentorship, and regular technical feedback.","Python, NLP, Machine Learning, PyTorch, Pandas, NumPy, Docker, Git",1 year,Internship,"₹20,000/month",False,https://careers.example.com/internships/INT0229
INT0230,Full Stack Intern,CodeHarbor,"Pune, India","Work with the CodeHarbor engineering team on practical full stack intern projects. You will design, implement, test, and document features using JavaScript, React, Node.js, SQL. Collaborate with engineers through Git-based workflows, review code, debug issues, and learn production development practices. The internship includes a scoped project, mentorship, and regular technical feedback.","JavaScript, React, Node.js, SQL, Docker, Git",0-1 years,Internship,"₹30,000/month",False,https://careers.example.com/internships/INT0230
INT0231,Machine Learning Intern,FinEdge,"Pune, India","Work with the FinEdge engineering team on practical machine learning intern projects. You will design, implement, test, and document features using Python, Machine Learning, Pandas, NumPy. Collaborate with engineers through Git-based workflows, review code, debug issues, and learn production development practices. The internship includes a scoped project, mentorship, and regular technical feedback.","Python, Machine Learning, Pandas, NumPy, Scikit-learn, Git, Spring Boot, AWS",0 years,Internship,,False,https://careers.example.com/internships/INT0231
INT0232,Java Backend Intern,FinEdge,"Pune, India","Work with the FinEdge engineering team on practical java backend intern projects. You will design, implement, test, and document features using Java, Spring Boot, PostgreSQL, Docker. Collaborate with engineers through Git-based workflows, review code, debug issues, and learn production development practices. The internship includes a scoped project, mentorship, and regular technical feedback.","Java, Spring Boot, PostgreSQL, Docker, REST API, Git, Kafka, Python",0-1 years,Internship,"₹20,000/month",False,https://careers.example.com/internships/INT0232
INT0233,Data Science Intern,Aster Systems,"Remote, India","Work with the Aster Systems engineering team on practical data science intern projects. You will design, implement, test, and document features using Python, Pandas, NumPy, SQL. Collaborate with engineers through Git-based workflows, review code, debug issues, and learn production development practices. The internship includes a scoped project, mentorship, and regular technical feedback.","Python, Pandas, NumPy, SQL, Scikit-learn, Machine Learning, Git",0 years,Internship,"₹20,000/month",True,https://careers.example.com/internships/INT0233
INT0234,Java Backend Intern,FinEdge,"Chennai, India","Work with the FinEdge engineering team on practical java backend intern projects. You will design, implement, test, and document features using Java, Spring Boot, PostgreSQL, Docker. Collaborate with engineers through Git-based workflows, review code, debug issues, and learn production development practices. The internship includes a scoped project, mentorship, and regular technical feedback.","Java, Spring Boot, PostgreSQL, Docker, REST API, Git, Scikit-learn",1 year,Internship,"₹15,000/month",False,https://careers.example.com/internships/INT0234
INT0235,Microservices Intern,CodeHarbor,"Remote, India","Work with the CodeHarbor engineering team on practical microservices intern projects. You will design, implement, test, and document features using Java, Spring Boot, Kafka, Docker. Collaborate with engineers through Git-based workflows, review code, debug issues, and learn production development practices. The internship includes a scoped project, mentorship, and regular technical feedback.","Java, Spring Boot, Kafka, Docker, Microservices, PostgreSQL, Python",0-1 years,Internship,"₹20,000/month",True,https://careers.example.com/internships/INT0235
INT0236,Machine Learning Intern,CoreVista,"Hyderabad, India","Work with the CoreVista engineering team on practical machine learning intern projects. You will design, implement, test, and document features using Python, Machine Learning, Pandas, NumPy. Collaborate with engineers through Git-based workflows, review code, debug issues, and learn production development practices. The internship includes a scoped project, mentorship, and regular technical feedback.","Python, Machine Learning, Pandas, NumPy, Scikit-learn, Git",1 year,Internship,"₹30,000/month",False,https://careers.example.com/internships/INT0236
INT0237,Backend Engineering Intern,BrightScale,"Mumbai, India","Work with the BrightScale engineering team on practical backend engineering intern projects. You will design, implement, test, and document features using Python, FastAPI, PostgreSQL, Docker. Collaborate with engineers through Git-based workflows, review code, debug issues, and learn production development practices. The internship includes a scoped project, mentorship, and regular technical feedback.","Python, FastAPI, PostgreSQL, Docker, REST API, Git, NLP",1 year,Internship,"₹25,000/month",False,https://careers.example.com/internships/INT0237
INT0238,Data Engineering Intern,FinEdge,"Remote, India","Work with the FinEdge engineering team on practical data engineering intern projects. You will design, implement, test, and document features using Python, SQL, Pandas, Kafka. Collaborate with engineers through Git-based workflows, review code, debug issues, and learn production development practices. The internship includes a scoped project, mentorship, and regular technical feedback.","Python, SQL, Pandas, Kafka, AWS, Docker, Scikit-learn",0-1 years,Internship,"₹20,000/month",True,https://careers.example.com/internships/INT0238
INT0239,Full Stack Intern,QuantumStack,"Mumbai, India","Work with the QuantumStack engineering team on practical full stack intern projects. You will design, implement, test, and document features using JavaScript, React, Node.js, SQL. Collaborate with engineers through Git-based workflows, review code, debug issues, and learn production development practices. The internship includes a scoped project, mentorship, and regular technical feedback.","JavaScript, React, Node.js, SQL, Docker, Git, PyTorch, Python",1 year,Internship,,False,https://careers.example.com/internships/INT0239
INT0240,Cloud Engineering Intern,Aster Systems,"Hyderabad, India","Work with the Aster Systems engineering team on practical cloud engineering intern projects. You will design, implement, test, and document features using AWS, Docker, Linux, Git. Collaborate with engineers through Git-based workflows, review code, debug issues, and learn production development practices. The internship includes a scoped project, mentorship, and regular technical feedback.","AWS, Docker, Linux, Git, Python, REST API",0-1 years,Internship,"₹15,000/month",False,https://careers.example.com/internships/INT0240
INT0241,Microservices Intern,FinEdge,"Chennai, India","Work with the FinEdge engineering team on practical microservices intern projects. You will design, implement, test, and document features using Java, Spring Boot, Kafka, Docker. Collaborate with engineers through Git-based workflows, review code, debug issues, and learn production development practices. The internship includes a scoped project, mentorship, and regular technical feedback.","Java, Spring Boot, Kafka, Docker, Microservices, PostgreSQL, JavaScript",1 year,Internship,"₹15,000/month",False,https://careers.example.com/internships/INT0241
INT0242,Frontend Engineering Intern,BlueOrbit,"Remote, India","Work with the BlueOrbit engineering team on practical frontend engineering intern projects. You will design, implement, test, and document features using JavaScript, TypeScript, React, Git. Collaborate with engineers through Git-based workflows, review code, debug issues, and learn production development practices. The internship includes a scoped project, mentorship, and regular technical feedback.","JavaScript, TypeScript, React, Git, REST API",1 year,Internship,"₹20,000/month",True,https://careers.example.com/internships/INT0242
INT0243,Cloud Engineering Intern,Aster Systems,"Pune, India","Work with the Aster Systems engineering team on practical cloud engineering intern projects. You will design, implement, test, and document features using AWS, Docker, Linux, Git. Collaborate with engineers through Git-based workflows, review code, debug issues, and learn production development practices. The internship includes a scoped project, mentorship, and regular technical feedback.","AWS, Docker, Linux, Git, Python, REST API",0 years,Internship,"₹30,000/month",False,https://careers.example.com/internships/INT0243
INT0244,Backend Engineering Intern,DataForge,"Remote, India","Work with the DataForge engineering team on practical backend engineering intern projects. You will design, implement, test, and document features using Python, FastAPI, PostgreSQL, Docker. Collaborate with engineers through Git-based workflows, review code, debug issues, and learn production development practices. The internship includes a scoped project, mentorship, and regular technical feedback.","Python, FastAPI, PostgreSQL, Docker, REST API, Git, Kafka",0 years,Internship,"₹25,000/month",True,https://careers.example.com/internships/INT0244
INT0245,Data Science Intern,DataForge,"Chennai, India","Work with the DataForge engineering team on practical data science intern projects. You will design, implement, test, and document features using Python, Pandas, NumPy, SQL. Collaborate with engineers through Git-based workflows, review code, debug issues, and learn production development practices. The internship includes a scoped project, mentorship, and regular technical feedback.","Python, Pandas, NumPy, SQL, Scikit-learn, Machine Learning",1 year,Internship,"₹25,000/month",False,https://careers.example.com/internships/INT0245
INT0246,Machine Learning Intern,NovaTech,"Remote, India","Work with the NovaTech engineering team on practical machine learning intern projects. You will design, implement, test, and document features using Python, Machine Learning, Pandas, NumPy. Collaborate with engineers through Git-based workflows, review code, debug issues, and learn production development practices. The internship includes a scoped project, mentorship, and regular technical feedback.","Python, Machine Learning, Pandas, NumPy, Scikit-learn, Git",0-1 years,Internship,"₹20,000/month",True,https://careers.example.com/internships/INT0246
INT0247,Data Engineering Intern,CodeHarbor,"Remote, India","Work with the CodeHarbor engineering team on practical data engineering intern projects. You will design, implement, test, and document features using Python, SQL, Pandas, Kafka. Collaborate with engineers through Git-based workflows, review code, debug issues, and learn production development practices. The internship includes a scoped project, mentorship, and regular technical feedback.","Python, SQL, Pandas, Kafka, AWS, Docker, Kubernetes",0 years,Internship,"₹15,000/month",True,https://careers.example.com/internships/INT0247
INT0248,Frontend Engineering Intern,BlueOrbit,"Chennai, India","Work with the BlueOrbit engineering team on practical frontend engineering intern projects. You will design, implement, test, and document features using JavaScript, TypeScript, React, Git. Collaborate with engineers through Git-based workflows, review code, debug issues, and learn production development practices. The internship includes a scoped project, mentorship, and regular technical feedback.","JavaScript, TypeScript, React, Git, REST API",1 year,Internship,,False,https://careers.example.com/internships/INT0248
INT0249,Cloud Engineering Intern,CloudNest,"Remote, India","Work with the CloudNest engineering team on practical cloud engineering intern projects. You will design, implement, test, and document features using AWS, Docker, Linux, Git. Collaborate with engineers through Git-based workflows, review code, debug issues, and learn production development practices. The internship includes a scoped project, mentorship, and regular technical feedback.","AWS, Docker, Linux, Git, Python, REST API",0 years,Internship,"₹15,000/month",True,https://careers.example.com/internships/INT0249
INT0250,Data Science Intern,CodeHarbor,"Bengaluru, India","Work with the CodeHarbor engineering team on practical data science intern projects. You will design, implement, test, and document features using Python, Pandas, NumPy, SQL. Collaborate with engineers through Git-based workflows, review code, debug issues, and learn production development practices. The internship includes a scoped project, mentorship, and regular technical feedback.","Python, Pandas, NumPy, SQL, Scikit-learn, Machine Learning, Kafka",0-1 years,Internship,,False,https://careers.example.com/internships/INT0250
INT0251,NLP Intern,BrightScale,"Hyderabad, India","Work with the BrightScale engineering team on practical nlp intern projects. You will design, implement, test, and document features using Python, NLP, Machine Learning, PyTorch. Collaborate with engineers through Git-based workflows, review code, debug issues, and learn production development practices. The internship includes a scoped project, mentorship, and regular technical feedback.","Python, NLP, Machine Learning, PyTorch, Pandas, NumPy",1 year,Internship,"₹20,000/month",False,https://careers.example.com/internships/INT0251
INT0252,Frontend Engineering Intern,CodeHarbor,"Delhi NCR, India","Work with the CodeHarbor engineering team on practical frontend engineering intern projects. You will design, implement, test, and document features using JavaScript, TypeScript, React, Git. Collaborate with engineers through Git-based workflows, review code, debug issues, and learn production development practices. The internship includes a scoped project, mentorship, and regular technical feedback.","JavaScript, TypeScript, React, Git, REST API, Python",0-1 years,Internship,"₹20,000/month",False,https://careers.example.com/internships/INT0252
INT0253,Microservices Intern,DataForge,"Remote, India","Work with the DataForge engineering team on practical microservices intern projects. You will design, implement, test, and document features using Java, Spring Boot, Kafka, Docker. Collaborate with engineers through Git-based workflows, review code, debug issues, and learn production development practices. The internship includes a scoped project, mentorship, and regular technical feedback.","Java, Spring Boot, Kafka, Docker, Microservices, PostgreSQL, Git, Kubernetes",1 year,Internship,,True,https://careers.example.com/internships/INT0253
INT0254,NLP Intern,PixelWorks,"Bengaluru, India","Work with the PixelWorks engineering team on practical nlp intern projects. You will design, implement, test, and document features using Python, NLP, Machine Learning, PyTorch. Collaborate with engineers through Git-based workflows, review code, debug issues, and learn production development practices. The internship includes a scoped project, mentorship, and regular technical feedback.","Python, NLP, Machine Learning, PyTorch, Pandas, NumPy, Git, PostgreSQL",1 year,Internship,"₹30,000/month",False,https://careers.example.com/internships/INT0254
INT0255,Full Stack Intern,DataForge,"Pune, India","Work with the DataForge engineering team on practical full stack intern projects. You will design, implement, test, and document features using JavaScript, React, Node.js, SQL. Collaborate with engineers through Git-based workflows, review code, debug issues, and learn production development practices. The internship includes a scoped project, mentorship, and regular technical feedback.","JavaScript, React, Node.js, SQL, Docker, Git, FastAPI",0 years,Internship,"₹15,000/month",False,https://careers.example.com/internships/INT0255
INT0256,AI Engineering Intern,NovaTech,"Pune, India","Work with the NovaTech engineering team on practical ai engineering intern projects. You will design, implement, test, and document features using Python, Machine Learning, PyTorch, FastAPI. Collaborate with engineers through Git-based workflows, review code, debug issues, and learn production development practices. The internship includes a scoped project, mentorship, and regular technical feedback.","Python, Machine Learning, PyTorch, FastAPI, Docker, Git, AWS, Scikit-learn",1 year,Internship,"₹20,000/month",False,https://careers.example.com/internships/INT0256
INT0257,Microservices Intern,QuantumStack,"Hyderabad, India","Work with the QuantumStack engineering team on practical microservices intern projects. You will design, implement, test, and document features using Java, Spring Boot, Kafka, Docker. Collaborate with engineers through Git-based workflows, review code, debug issues, and learn production development practices. The internship includes a scoped project, mentorship, and regular technical feedback.","Java, Spring Boot, Kafka, Docker, Microservices, PostgreSQL, Python",0 years,Internship,"₹30,000/month",False,https://careers.example.com/internships/INT0257
INT0258,Backend Engineering Intern,NovaTech,"Bengaluru, India","Work with the NovaTech engineering team on practical backend engineering intern projects. You will design, implement, test, and document features using Python, FastAPI, PostgreSQL, Docker. Collaborate with engineers through Git-based workflows, review code, debug issues, and learn production development practices. The internship includes a scoped project, mentorship, and regular technical feedback.","Python, FastAPI, PostgreSQL, Docker, REST API, Git, TypeScript",0-1 years,Internship,"₹25,000/month",False,https://careers.example.com/internships/INT0258
INT0259,NLP Intern,QuantumStack,"Remote, India","Work with the QuantumStack engineering team on practical nlp intern projects. You will design, implement, test, and document features using Python, NLP, Machine Learning, PyTorch. Collaborate with engineers through Git-based workflows, review code, debug issues, and learn production development practices. The internship includes a scoped project, mentorship, and regular technical feedback.","Python, NLP, Machine Learning, PyTorch, Pandas, NumPy, Linux",1 year,Internship,"₹20,000/month",True,https://careers.example.com/internships/INT0259
INT0260,Frontend Engineering Intern,NovaTech,"Pune, India","Work with the NovaTech engineering team on practical frontend engineering intern projects. You will design, implement, test, and document features using JavaScript, TypeScript, React, Git. Collaborate with engineers through Git-based workflows, review code, debug issues, and learn production development practices. The internship includes a scoped project, mentorship, and regular technical feedback.","JavaScript, TypeScript, React, Git, REST API, SQL",0-1 years,Internship,"₹15,000/month",False,https://careers.example.com/internships/INT0260
INT0261,Full Stack Intern,CoreVista,"Mumbai, India","Work with the CoreVista engineering team on practical full stack intern projects. You will design, implement, test, and document features using JavaScript, React, Node.js, SQL. Collaborate with engineers through Git-based workflows, review code, debug issues, and learn production development practices. The internship includes a scoped project, mentorship, and regular technical feedback.","JavaScript, React, Node.js, SQL, Docker, Git, AWS",0-1 years,Internship,"₹20,000/month",False,https://careers.example.com/internships/INT0261
INT0262,DevOps Intern,FinEdge,"Remote, India","Work with the FinEdge engineering team on practical devops intern projects. You will design, implement, test, and document features using Docker, Kubernetes, AWS, Linux. Collaborate with engineers through Git-based workflows, review code, debug issues, and learn production development practices. The internship includes a scoped project, mentorship, and regular technical feedback.","Docker, Kubernetes, AWS, Linux, Git, Python, PyTorch, SQL",0 years,Internship,"₹30,000/month",True,https://careers.example.com/internships/INT0262
INT0263,Java Backend Intern,BlueOrbit,"Pune, India","Work with the BlueOrbit engineering team on practical java backend intern projects. You will design, implement, test, and document features using Java, Spring Boot, PostgreSQL, Docker. Collaborate with engineers through Git-based workflows, review code, debug issues, and learn production development practices. The internship includes a scoped project, mentorship, and regular technical feedback.","Java, Spring Boot, PostgreSQL, Docker, REST API, Git, Microservices",0 years,Internship,"₹15,000/month",False,https://careers.example.com/internships/INT0263
INT0264,Full Stack Intern,QuantumStack,"Mumbai, India","Work with the QuantumStack engineering team on practical full stack intern projects. You will design, implement, test, and document features using JavaScript, React, Node.js, SQL. Collaborate with engineers through Git-based workflows, review code, debug issues, and learn production development practices. The internship includes a scoped project, mentorship, and regular technical feedback.","JavaScript, React, Node.js, SQL, Docker, Git, TypeScript, REST API",0 years,Internship,"₹30,000/month",False,https://careers.example.com/internships/INT0264
INT0265,Full Stack Intern,CoreVista,"Pune, India","Work with the CoreVista engineering team on practical full stack intern projects. You will design, implement, test, and document features using JavaScript, React, Node.js, SQL. Collaborate with engineers through Git-based workflows, review code, debug issues, and learn production development practices. The internship includes a scoped project, mentorship, and regular technical feedback.","JavaScript, React, Node.js, SQL, Docker, Git, PostgreSQL",1 year,Internship,"₹30,000/month",False,https://careers.example.com/internships/INT0265
INT0266,Frontend Engineering Intern,Vertex Labs,"Mumbai, India","Work with the Vertex Labs engineering team on practical frontend engineering intern projects. You will design, implement, test, and document features using JavaScript, TypeScript, React, Git. Collaborate with engineers through Git-based workflows, review code, debug issues, and learn production development practices. The internship includes a scoped project, mentorship, and regular technical feedback.","JavaScript, TypeScript, React, Git, REST API, Pandas, Docker",0-1 years,Internship,,False,https://careers.example.com/internships/INT0266
INT0267,Data Engineering Intern,BlueOrbit,"Chennai, India","Work with the BlueOrbit engineering team on practical data engineering intern projects. You will design, implement, test, and document features using Python, SQL, Pandas, Kafka. Collaborate with engineers through Git-based workflows, review code, debug issues, and learn production development practices. The internship includes a scoped project, mentorship, and regular technical feedback.","Python, SQL, Pandas, Kafka, AWS, Docker, NumPy, PostgreSQL",0-1 years,Internship,"₹15,000/month",False,https://careers.example.com/internships/INT0267
INT0268,Machine Learning Intern,Aster Systems,"Pune, India","Work with the Aster Systems engineering team on practical machine learning intern projects. You will design, implement, test, and document features using Python, Machine Learning, Pandas, NumPy. Collaborate with engineers through Git-based workflows, review code, debug issues, and learn production development practices. The internship includes a scoped project, mentorship, and regular technical feedback.","Python, Machine Learning, Pandas, NumPy, Scikit-learn, Git",0-1 years,Internship,"₹30,000/month",False,https://careers.example.com/internships/INT0268
INT0269,AI Engineering Intern,CodeHarbor,"Remote, India","Work with the CodeHarbor engineering team on practical ai engineering intern projects. You will design, implement, test, and document features using Python, Machine Learning, PyTorch, FastAPI. Collaborate with engineers through Git-based workflows, review code, debug issues, and learn production development practices. The internship includes a scoped project, mentorship, and regular technical feedback.","Python, Machine Learning, PyTorch, FastAPI, Docker, Git",0-1 years,Internship,"₹25,000/month",True,https://careers.example.com/internships/INT0269
INT0270,Full Stack Intern,CodeHarbor,"Remote, India","Work with the CodeHarbor engineering team on practical full stack intern projects. You will design, implement, test, and document features using JavaScript, React, Node.js, SQL. Collaborate with engineers through Git-based workflows, review code, debug issues, and learn production development practices. The internship includes a scoped project, mentorship, and regular technical feedback.","JavaScript, React, Node.js, SQL, Docker, Git, Java",0-1 years,Internship,"₹30,000/month",True,https://careers.example.com/internships/INT0270
INT0271,Full Stack Intern,Vertex Labs,"Remote, India","Work with the Vertex Labs engineering team on practical full stack intern projects. You will design, implement, test, and document features using JavaScript, React, Node.js, SQL. Collaborate with engineers through Git-based workflows, review code, debug issues, and learn production development practices. The internship includes a scoped project, mentorship, and regular technical feedback.","JavaScript, React, Node.js, SQL, Docker, Git, Machine Learning, NumPy",0 years,Internship,"₹30,000/month",True,https://careers.example.com/internships/INT0271
INT0272,NLP Intern,Vertex Labs,"Remote, India","Work with the Vertex Labs engineering team on practical nlp intern projects. You will design, implement, test, and document features using Python, NLP, Machine Learning, PyTorch. Collaborate with engineers through Git-based workflows, review code, debug issues, and learn production development practices. The internship includes a scoped project, mentorship, and regular technical feedback.","Python, NLP, Machine Learning, PyTorch, Pandas, NumPy, Git",0-1 years,Internship,"₹30,000/month",True,https://careers.example.com/internships/INT0272
INT0273,Data Science Intern,QuantumStack,"Remote, India","Work with the QuantumStack engineering team on practical data science intern projects. You will design, implement, test, and document features using Python, Pandas, NumPy, SQL. Collaborate with engineers through Git-based workflows, review code, debug issues, and learn production development practices. The internship includes a scoped project, mentorship, and regular technical feedback.","Python, Pandas, NumPy, SQL, Scikit-learn, Machine Learning, React, Kafka",0 years,Internship,"₹15,000/month",True,https://careers.example.com/internships/INT0273
INT0274,DevOps Intern,CoreVista,"Bengaluru, India","Work with the CoreVista engineering team on practical devops intern projects. You will design, implement, test, and document features using Docker, Kubernetes, AWS, Linux. Collaborate with engineers through Git-based workflows, review code, debug issues, and learn production development practices. The internship includes a scoped project, mentorship, and regular technical feedback.","Docker, Kubernetes, AWS, Linux, Git, Python",1 year,Internship,"₹25,000/month",False,https://careers.example.com/internships/INT0274
INT0275,Microservices Intern,Vertex Labs,"Pune, India","Work with the Vertex Labs engineering team on practical microservices intern projects. You will design, implement, test, and document features using Java, Spring Boot, Kafka, Docker. Collaborate with engineers through Git-based workflows, review code, debug issues, and learn production development practices. The internship includes a scoped project, mentorship, and regular technical feedback.","Java, Spring Boot, Kafka, Docker, Microservices, PostgreSQL, Machine Learning",0-1 years,Internship,"₹20,000/month",False,https://careers.example.com/internships/INT0275
INT0276,Data Engineering Intern,DataForge,"Bengaluru, India","Work with the DataForge engineering team on practical data engineering intern projects. You will design, implement, test, and document features using Python, SQL, Pandas, Kafka. Collaborate with engineers through Git-based workflows, review code, debug issues, and learn production development practices. The internship includes a scoped project, mentorship, and regular technical feedback.","Python, SQL, Pandas, Kafka, AWS, Docker, Spring Boot, Scikit-learn",0 years,Internship,"₹20,000/month",False,https://careers.example.com/internships/INT0276
INT0277,Data Science Intern,DataForge,"Pune, India","Work with the DataForge engineering team on practical data science intern projects. You will design, implement, test, and document features using Python, Pandas, NumPy, SQL. Collaborate with engineers through Git-based workflows, review code, debug issues, and learn production development practices. The internship includes a scoped project, mentorship, and regular technical feedback.","Python, Pandas, NumPy, SQL, Scikit-learn, Machine Learning, PostgreSQL",0-1 years,Internship,,False,https://careers.example.com/internships/INT0277
INT0278,Machine Learning Intern,CloudNest,"Chennai, India","Work with the CloudNest engineering team on practical machine learning intern projects. You will design, implement, test, and document features using Python, Machine Learning, Pandas, NumPy. Collaborate with engineers through Git-based workflows, review code, debug issues, and learn production development practices. The internship includes a scoped project, mentorship, and regular technical feedback.","Python, Machine Learning, Pandas, NumPy, Scikit-learn, Git, Spring Boot, Java",1 year,Internship,"₹30,000/month",False,https://careers.example.com/internships/INT0278
INT0279,NLP Intern,CodeHarbor,"Remote, India","Work with the CodeHarbor engineering team on practical nlp intern projects. You will design, implement, test, and document features using Python, NLP, Machine Learning, PyTorch. Collaborate with engineers through Git-based workflows, review code, debug issues, and learn production development practices. The internship includes a scoped project, mentorship, and regular technical feedback.","Python, NLP, Machine Learning, PyTorch, Pandas, NumPy, AWS",0-1 years,Internship,"₹15,000/month",True,https://careers.example.com/internships/INT0279
INT0280,DevOps Intern,DataForge,"Remote, India","Work with the DataForge engineering team on practical devops intern projects. You will design, implement, test, and document features using Docker, Kubernetes, AWS, Linux. Collaborate with engineers through Git-based workflows, review code, debug issues, and learn production development practices. The internship includes a scoped project, mentorship, and regular technical feedback.","Docker, Kubernetes, AWS, Linux, Git, Python, Java",1 year,Internship,,True,https://careers.example.com/internships/INT0280
INT0281,Machine Learning Intern,PixelWorks,"Bengaluru, India","Work with the PixelWorks engineering team on practical machine learning intern projects. You will design, implement, test, and document features using Python, Machine Learning, Pandas, NumPy. Collaborate with engineers through Git-based workflows, review code, debug issues, and learn production development practices. The internship includes a scoped project, mentorship, and regular technical feedback.","Python, Machine Learning, Pandas, NumPy, Scikit-learn, Git",0 years,Internship,,False,https://careers.example.com/internships/INT0281
INT0282,Machine Learning Intern,BlueOrbit,"Chennai, India","Work with the BlueOrbit engineering team on practical machine learning intern projects. You will design, implement, test, and document features using Python, Machine Learning, Pandas, NumPy. Collaborate with engineers through Git-based workflows, review code, debug issues, and learn production development practices. The internship includes a scoped project, mentorship, and regular technical feedback.","Python, Machine Learning, Pandas, NumPy, Scikit-learn, Git, JavaScript",0 years,Internship,"₹25,000/month",False,https://careers.example.com/internships/INT0282
INT0283,NLP Intern,CloudNest,"Remote, India","Work with the CloudNest engineering team on practical nlp intern projects. You will design, implement, test, and document features using Python, NLP, Machine Learning, PyTorch. Collaborate with engineers through Git-based workflows, review code, debug issues, and learn production development practices. The internship includes a scoped project, mentorship, and regular technical feedback.","Python, NLP, Machine Learning, PyTorch, Pandas, NumPy, Java",1 year,Internship,"₹25,000/month",True,https://careers.example.com/internships/INT0283
INT0284,Machine Learning Intern,FinEdge,"Remote, India","Work with the FinEdge engineering team on practical machine learning intern projects. You will design, implement, test, and document features using Python, Machine Learning, Pandas, NumPy. Collaborate with engineers through Git-based workflows, review code, debug issues, and learn production development practices. The internship includes a scoped project, mentorship, and regular technical feedback.","Python, Machine Learning, Pandas, NumPy, Scikit-learn, Git, AWS, Kafka",1 year,Internship,"₹20,000/month",True,https://careers.example.com/internships/INT0284
INT0285,AI Engineering Intern,BrightScale,"Delhi NCR, India","Work with the BrightScale engineering team on practical ai engineering intern projects. You will design, implement, test, and document features using Python, Machine Learning, PyTorch, FastAPI. Collaborate with engineers through Git-based workflows, review code, debug issues, and learn production development practices. The internship includes a scoped project, mentorship, and regular technical feedback.","Python, Machine Learning, PyTorch, FastAPI, Docker, Git, Pandas, NumPy",0-1 years,Internship,,False,https://careers.example.com/internships/INT0285
INT0286,Backend Engineering Intern,Vertex Labs,"Remote, India","Work with the Vertex Labs engineering team on practical backend engineering intern projects. You will design, implement, test, and document features using Python, FastAPI, PostgreSQL, Docker. Collaborate with engineers through Git-based workflows, review code, debug issues, and learn production development practices. The internship includes a scoped project, mentorship, and regular technical feedback.","Python, FastAPI, PostgreSQL, Docker, REST API, Git",1 year,Internship,,True,https://careers.example.com/internships/INT0286
INT0287,Frontend Engineering Intern,CodeHarbor,"Chennai, India","Work with the CodeHarbor engineering team on practical frontend engineering intern projects. You will design, implement, test, and document features using JavaScript, TypeScript, React, Git. Collaborate with engineers through Git-based workflows, review code, debug issues, and learn production development practices. The internship includes a scoped project, mentorship, and regular technical feedback.","JavaScript, TypeScript, React, Git, REST API, Python, SQL",0 years,Internship,"₹30,000/month",False,https://careers.example.com/internships/INT0287
INT0288,Microservices Intern,CloudNest,"Chennai, India","Work with the CloudNest engineering team on practical microservices intern projects. You will design, implement, test, and document features using Java, Spring Boot, Kafka, Docker. Collaborate with engineers through Git-based workflows, review code, debug issues, and learn production development practices. The internship includes a scoped project, mentorship, and regular technical feedback.","Java, Spring Boot, Kafka, Docker, Microservices, PostgreSQL, JavaScript, PyTorch",0-1 years,Internship,"₹25,000/month",False,https://careers.example.com/internships/INT0288
INT0289,DevOps Intern,CoreVista,"Remote, India","Work with the CoreVista engineering team on practical devops intern projects. You will design, implement, test, and document features using Docker, Kubernetes, AWS, Linux. Collaborate with engineers through Git-based workflows, review code, debug issues, and learn production development practices. The internship includes a scoped project, mentorship, and regular technical feedback.","Docker, Kubernetes, AWS, Linux, Git, Python",0-1 years,Internship,"₹30,000/month",True,https://careers.example.com/internships/INT0289
INT0290,DevOps Intern,DataForge,"Pune, India","Work with the DataForge engineering team on practical devops intern projects. You will design, implement, test, and document features using Docker, Kubernetes, AWS, Linux. Collaborate with engineers through Git-based workflows, review code, debug issues, and learn production development practices. The internship includes a scoped project, mentorship, and regular technical feedback.","Docker, Kubernetes, AWS, Linux, Git, Python, SQL",1 year,Internship,"₹25,000/month",False,https://careers.example.com/internships/INT0290
INT0291,Data Engineering Intern,BlueOrbit,"Delhi NCR, India","Work with the BlueOrbit engineering team on practical data engineering intern projects. You will design, implement, test, and document features using Python, SQL, Pandas, Kafka. Collaborate with engineers through Git-based workflows, review code, debug issues, and learn production development practices. The internship includes a scoped project, mentorship, and regular technical feedback.","Python, SQL, Pandas, Kafka, AWS, Docker, Linux",1 year,Internship,"₹15,000/month",False,https://careers.example.com/internships/INT0291
INT0292,Full Stack Intern,QuantumStack,"Remote, India","Work with the QuantumStack engineering team on practical full stack intern projects. You will design, implement, test, and document features using JavaScript, React, Node.js, SQL. Collaborate with engineers through Git-based workflows, review code, debug issues, and learn production development practices. The internship includes a scoped project, mentorship, and regular technical feedback.","JavaScript, React, Node.js, SQL, Docker, Git",0-1 years,Internship,"₹20,000/month",True,https://careers.example.com/internships/INT0292
INT0293,Machine Learning Intern,NovaTech,"Remote, India","Work with the NovaTech engineering team on practical machine learning intern projects. You will design, implement, test, and document features using Python, Machine Learning, Pandas, NumPy. Collaborate with engineers through Git-based workflows, review code, debug issues, and learn production development practices. The internship includes a scoped project, mentorship, and regular technical feedback.","Python, Machine Learning, Pandas, NumPy, Scikit-learn, Git",0-1 years,Internship,,True,https://careers.example.com/internships/INT0293
INT0294,Cloud Engineering Intern,BlueOrbit,"Delhi NCR, India","Work with the BlueOrbit engineering team on practical cloud engineering intern projects. You will design, implement, test, and document features using AWS, Docker, Linux, Git. Collaborate with engineers through Git-based workflows, review code, debug issues, and learn production development practices. The internship includes a scoped project, mentorship, and regular technical feedback.","AWS, Docker, Linux, Git, Python, REST API",1 year,Internship,"₹25,000/month",False,https://careers.example.com/internships/INT0294
INT0295,Data Science Intern,QuantumStack,"Mumbai, India","Work with the QuantumStack engineering team on practical data science intern projects. You will design, implement, test, and document features using Python, Pandas, NumPy, SQL. Collaborate with engineers through Git-based workflows, review code, debug issues, and learn production development practices. The internship includes a scoped project, mentorship, and regular technical feedback.","Python, Pandas, NumPy, SQL, Scikit-learn, Machine Learning",0-1 years,Internship,"₹25,000/month",False,https://careers.example.com/internships/INT0295
INT0296,DevOps Intern,Vertex Labs,"Delhi NCR, India","Work with the Vertex Labs engineering team on practical devops intern projects. You will design, implement, test, and document features using Docker, Kubernetes, AWS, Linux. Collaborate with engineers through Git-based workflows, review code, debug issues, and learn production development practices. The internship includes a scoped project, mentorship, and regular technical feedback.","Docker, Kubernetes, AWS, Linux, Git, Python",0-1 years,Internship,"₹20,000/month",False,https://careers.example.com/internships/INT0296
INT0297,Data Science Intern,NovaTech,"Remote, India","Work with the NovaTech engineering team on practical data science intern projects. You will design, implement, test, and document features using Python, Pandas, NumPy, SQL. Collaborate with engineers through Git-based workflows, review code, debug issues, and learn production development practices. The internship includes a scoped project, mentorship, and regular technical feedback.","Python, Pandas, NumPy, SQL, Scikit-learn, Machine Learning, AWS, REST API",1 year,Internship,"₹30,000/month",True,https://careers.example.com/internships/INT0297
INT0298,Frontend Engineering Intern,PixelWorks,"Remote, India","Work with the PixelWorks engineering team on practical frontend engineering intern projects. You will design, implement, test, and document features using JavaScript, TypeScript, React, Git. Collaborate with engineers through Git-based workflows, review code, debug issues, and learn production development practices. The internship includes a scoped project, mentorship, and regular technical feedback.","JavaScript, TypeScript, React, Git, REST API, Python, PostgreSQL",0-1 years,Internship,"₹25,000/month",True,https://careers.example.com/internships/INT0298
INT0299,Cloud Engineering Intern,PixelWorks,"Remote, India","Work with the PixelWorks engineering team on practical cloud engineering intern projects. You will design, implement, test, and document features using AWS, Docker, Linux, Git. Collaborate with engineers through Git-based workflows, review code, debug issues, and learn production development practices. The internship includes a scoped project, mentorship, and regular technical feedback.","AWS, Docker, Linux, Git, Python, REST API, Java",1 year,Internship,"₹20,000/month",True,https://careers.example.com/internships/INT0299
INT0300,Full Stack Intern,PixelWorks,"Delhi NCR, India","Work with the PixelWorks engineering team on practical full stack intern projects. You will design, implement, test, and document features using JavaScript, React, Node.js, SQL. Collaborate with engineers through Git-based workflows, review code, debug issues, and learn production development practices. The internship includes a scoped project, mentorship, and regular technical feedback.","JavaScript, React, Node.js, SQL, Docker, Git, TypeScript, Java",0-1 years,Internship,,False,https://careers.example.com/internships/INT0300
INT0301,Microservices Intern,Vertex Labs,"Pune, India","Work with the Vertex Labs engineering team on practical microservices intern projects. You will design, implement, test, and document features using Java, Spring Boot, Kafka, Docker. Collaborate with engineers through Git-based workflows, review code, debug issues, and learn production development practices. The internship includes a scoped project, mentorship, and regular technical feedback.","Java, Spring Boot, Kafka, Docker, Microservices, PostgreSQL, Machine Learning, Pandas",1 year,Internship,"₹25,000/month",False,https://careers.example.com/internships/INT0301
INT0302,Machine Learning Intern,CodeHarbor,"Delhi NCR, India","Work with the CodeHarbor engineering team on practical machine learning intern projects. You will design, implement, test, and document features using Python, Machine Learning, Pandas, NumPy. Collaborate with engineers through Git-based workflows, review code, debug issues, and learn production development practices. The internship includes a scoped project, mentorship, and regular technical feedback.","Python, Machine Learning, Pandas, NumPy, Scikit-learn, Git",0 years,Internship,"₹15,000/month",False,https://careers.example.com/internships/INT0302
INT0303,Backend Engineering Intern,CoreVista,"Mumbai, India","Work with the CoreVista engineering team on practical backend engineering intern projects. You will design, implement, test, and document features using Python, FastAPI, PostgreSQL, Docker. Collaborate with engineers through Git-based workflows, review code, debug issues, and learn production development practices. The internship includes a scoped project, mentorship, and regular technical feedback.","Python, FastAPI, PostgreSQL, Docker, REST API, Git",1 year,Internship,"₹30,000/month",False,https://careers.example.com/internships/INT0303
INT0304,Machine Learning Intern,DataForge,"Pune, India","Work with the DataForge engineering team on practical machine learning intern projects. You will design, implement, test, and document features using Python, Machine Learning, Pandas, NumPy. Collaborate with engineers through Git-based workflows, review code, debug issues, and learn production development practices. The internship includes a scoped project, mentorship, and regular technical feedback.","Python, Machine Learning, Pandas, NumPy, Scikit-learn, Git, Java, REST API",0 years,Internship,"₹30,000/month",False,https://careers.example.com/internships/INT0304
INT0305,AI Engineering Intern,DataForge,"Delhi NCR, India","Work with the DataForge engineering team on practical ai engineering intern projects. You will design, implement, test, and document features using Python, Machine Learning, PyTorch, FastAPI. Collaborate with engineers through Git-based workflows, review code, debug issues, and learn production development practices. The internship includes a scoped project, mentorship, and regular technical feedback.","Python, Machine Learning, PyTorch, FastAPI, Docker, Git, Node.js, Kafka",1 year,Internship,"₹30,000/month",False,https://careers.example.com/internships/INT0305
INT0306,Data Engineering Intern,NovaTech,"Chennai, India","Work with the NovaTech engineering team on practical data engineering intern projects. You will design, implement, test, and document features using Python, SQL, Pandas, Kafka. Collaborate with engineers through Git-based workflows, review code, debug issues, and learn production development practices. The internship includes a scoped project, mentorship, and regular technical feedback.","Python, SQL, Pandas, Kafka, AWS, Docker, Git",0 years,Internship,"₹30,000/month",False,https://careers.example.com/internships/INT0306
INT0307,AI Engineering Intern,CodeHarbor,"Chennai, India","Work with the CodeHarbor engineering team on practical ai engineering intern projects. You will design, implement, test, and document features using Python, Machine Learning, PyTorch, FastAPI. Collaborate with engineers through Git-based workflows, review code, debug issues, and learn production development practices. The internship includes a scoped project, mentorship, and regular technical feedback.","Python, Machine Learning, PyTorch, FastAPI, Docker, Git, REST API",1 year,Internship,,False,https://careers.example.com/internships/INT0307
INT0308,Data Science Intern,QuantumStack,"Remote, India","Work with the QuantumStack engineering team on practical data science intern projects. You will design, implement, test, and document features using Python, Pandas, NumPy, SQL. Collaborate with engineers through Git-based workflows, review code, debug issues, and learn production development practices. The internship includes a scoped project, mentorship, and regular technical feedback.","Python, Pandas, NumPy, SQL, Scikit-learn, Machine Learning, REST API, Git",1 year,Internship,,True,https://careers.example.com/internships/INT0308
INT0309,Cloud Engineering Intern,BrightScale,"Remote, India","Work with the BrightScale engineering team on practical cloud engineering intern projects. You will design, implement, test, and document features using AWS, Docker, Linux, Git. Collaborate with engineers through Git-based workflows, review code, debug issues, and learn production development practices. The internship includes a scoped project, mentorship, and regular technical feedback.","AWS, Docker, Linux, Git, Python, REST API",1 year,Internship,"₹15,000/month",True,https://careers.example.com/internships/INT0309
INT0310,Data Science Intern,QuantumStack,"Remote, India","Work with the QuantumStack engineering team on practical data science intern projects. You will design, implement, test, and document features using Python, Pandas, NumPy, SQL. Collaborate with engineers through Git-based workflows, review code, debug issues, and learn production development practices. The internship includes a scoped project, mentorship, and regular technical feedback.","Python, Pandas, NumPy, SQL, Scikit-learn, Machine Learning",0 years,Internship,"₹30,000/month",True,https://careers.example.com/internships/INT0310
INT0311,Data Engineering Intern,PixelWorks,"Delhi NCR, India","Work with the PixelWorks engineering team on practical data engineering intern projects. You will design, implement, test, and document features using Python, SQL, Pandas, Kafka. Collaborate with engineers through Git-based workflows, review code, debug issues, and learn production development practices. The internship includes a scoped project, mentorship, and regular technical feedback.","Python, SQL, Pandas, Kafka, AWS, Docker",0-1 years,Internship,"₹15,000/month",False,https://careers.example.com/internships/INT0311
INT0312,Data Engineering Intern,FinEdge,"Remote, India","Work with the FinEdge engineering team on practical data engineering intern projects. You will design, implement, test, and document features using Python, SQL, Pandas, Kafka. Collaborate with engineers through Git-based workflows, review code, debug issues, and learn production development practices. The internship includes a scoped project, mentorship, and regular technical feedback.","Python, SQL, Pandas, Kafka, AWS, Docker",0-1 years,Internship,"₹30,000/month",True,https://careers.example.com/internships/INT0312
INT0313,NLP Intern,BlueOrbit,"Delhi NCR, India","Work with the BlueOrbit engineering team on practical nlp intern projects. You will design, implement, test, and document features using Python, NLP, Machine Learning, PyTorch. Collaborate with engineers through Git-based workflows, review code, debug issues, and learn production development practices. The internship includes a scoped project, mentorship, and regular technical feedback.","Python, NLP, Machine Learning, PyTorch, Pandas, NumPy, JavaScript",0-1 years,Internship,,False,https://careers.example.com/internships/INT0313
INT0314,Full Stack Intern,BrightScale,"Pune, India","Work with the BrightScale engineering team on practical full stack intern projects. You will design, implement, test, and document features using JavaScript, React, Node.js, SQL. Collaborate with engineers through Git-based workflows, review code, debug issues, and learn production development practices. The internship includes a scoped project, mentorship, and regular technical feedback.","JavaScript, React, Node.js, SQL, Docker, Git, AWS, Python",1 year,Internship,"₹30,000/month",False,https://careers.example.com/internships/INT0314
INT0315,Data Science Intern,CloudNest,"Hyderabad, India","Work with the CloudNest engineering team on practical data science intern projects. You will design, implement, test, and document features using Python, Pandas, NumPy, SQL. Collaborate with engineers through Git-based workflows, review code, debug issues, and learn production development practices. The internship includes a scoped project, mentorship, and regular technical feedback.","Python, Pandas, NumPy, SQL, Scikit-learn, Machine Learning",0-1 years,Internship,"₹25,000/month",False,https://careers.example.com/internships/INT0315
INT0316,Data Engineering Intern,CoreVista,"Pune, India","Work with the CoreVista engineering team on practical data engineering intern projects. You will design, implement, test, and document features using Python, SQL, Pandas, Kafka. Collaborate with engineers through Git-based workflows, review code, debug issues, and learn production development practices. The internship includes a scoped project, mentorship, and regular technical feedback.","Python, SQL, Pandas, Kafka, AWS, Docker",0-1 years,Internship,"₹25,000/month",False,https://careers.example.com/internships/INT0316
INT0317,NLP Intern,Vertex Labs,"Delhi NCR, India","Work with the Vertex Labs engineering team on practical nlp intern projects. You will design, implement, test, and document features using Python, NLP, Machine Learning, PyTorch. Collaborate with engineers through Git-based workflows, review code, debug issues, and learn production development practices. The internship includes a scoped project, mentorship, and regular technical feedback.","Python, NLP, Machine Learning, PyTorch, Pandas, NumPy, React, Git",0-1 years,Internship,"₹30,000/month",False,https://careers.example.com/internships/INT0317
INT0318,Full Stack Intern,CloudNest,"Remote, India","Work with the CloudNest engineering team on practical full stack intern projects. You will design, implement, test, and document features using JavaScript, React, Node.js, SQL. Collaborate with engineers through Git-based workflows, review code, debug issues, and learn production development practices. The internship includes a scoped project, mentorship, and regular technical feedback.","JavaScript, React, Node.js, SQL, Docker, Git",1 year,Internship,"₹15,000/month",True,https://careers.example.com/internships/INT0318
INT0319,Full Stack Intern,CloudNest,"Hyderabad, India","Work with the CloudNest engineering team on practical full stack intern projects. You will design, implement, test, and document features using JavaScript, React, Node.js, SQL. Collaborate with engineers through Git-based workflows, review code, debug issues, and learn production development practices. The internship includes a scoped project, mentorship, and regular technical feedback.","JavaScript, React, Node.js, SQL, Docker, Git, Microservices",0 years,Internship,,False,https://careers.example.com/internships/INT0319
INT0320,Frontend Engineering Intern,BlueOrbit,"Remote, India","Work with the BlueOrbit engineering team on practical frontend engineering intern projects. You will design, implement, test, and document features using JavaScript, TypeScript, React, Git. Collaborate with engineers through Git-based workflows, review code, debug issues, and learn production development practices. The internship includes a scoped project, mentorship, and regular technical feedback.","JavaScript, TypeScript, React, Git, REST API, Kafka, Scikit-learn",1 year,Internship,,True,https://careers.example.com/internships/INT0320
INT0321,Data Science Intern,NovaTech,"Delhi NCR, India","Work with the NovaTech engineering team on practical data science intern projects. You will design, implement, test, and document features using Python, Pandas, NumPy, SQL. Collaborate with engineers through Git-based workflows, review code, debug issues, and learn production development practices. The internship includes a scoped project, mentorship, and regular technical feedback.","Python, Pandas, NumPy, SQL, Scikit-learn, Machine Learning",0 years,Internship,"₹20,000/month",False,https://careers.example.com/internships/INT0321
INT0322,Backend Engineering Intern,PixelWorks,"Mumbai, India","Work with the PixelWorks engineering team on practical backend engineering intern projects. You will design, implement, test, and document features using Python, FastAPI, PostgreSQL, Docker. Collaborate with engineers through Git-based workflows, review code, debug issues, and learn production development practices. The internship includes a scoped project, mentorship, and regular technical feedback.","Python, FastAPI, PostgreSQL, Docker, REST API, Git",0 years,Internship,"₹20,000/month",False,https://careers.example.com/internships/INT0322
INT0323,Backend Engineering Intern,BrightScale,"Mumbai, India","Work with the BrightScale engineering team on practical backend engineering intern projects. You will design, implement, test, and document features using Python, FastAPI, PostgreSQL, Docker. Collaborate with engineers through Git-based workflows, review code, debug issues, and learn production development practices. The internship includes a scoped project, mentorship, and regular technical feedback.","Python, FastAPI, PostgreSQL, Docker, REST API, Git, Machine Learning, Pandas",0-1 years,Internship,"₹20,000/month",False,https://careers.example.com/internships/INT0323
INT0324,Frontend Engineering Intern,BrightScale,"Remote, India","Work with the BrightScale engineering team on practical frontend engineering intern projects. You will design, implement, test, and document features using JavaScript, TypeScript, React, Git. Collaborate with engineers through Git-based workflows, review code, debug issues, and learn production development practices. The internship includes a scoped project, mentorship, and regular technical feedback.","JavaScript, TypeScript, React, Git, REST API, Machine Learning",0 years,Internship,,True,https://careers.example.com/internships/INT0324
INT0325,Data Science Intern,BlueOrbit,"Hyderabad, India","Work with the BlueOrbit engineering team on practical data science intern projects. You will design, implement, test, and document features using Python, Pandas, NumPy, SQL. Collaborate with engineers through Git-based workflows, review code, debug issues, and learn production development practices. The internship includes a scoped project, mentorship, and regular technical feedback.","Python, Pandas, NumPy, SQL, Scikit-learn, Machine Learning, Docker",0 years,Internship,"₹30,000/month",False,https://careers.example.com/internships/INT0325
INT0326,DevOps Intern,CoreVista,"Pune, India","Work with the CoreVista engineering team on practical devops intern projects. You will design, implement, test, and document features using Docker, Kubernetes, AWS, Linux. Collaborate with engineers through Git-based workflows, review code, debug issues, and learn production development practices. The internship includes a scoped project, mentorship, and regular technical feedback.","Docker, Kubernetes, AWS, Linux, Git, Python",0 years,Internship,"₹15,000/month",False,https://careers.example.com/internships/INT0326
INT0327,Frontend Engineering Intern,DataForge,"Remote, India","Work with the DataForge engineering team on practical frontend engineering intern projects. You will design, implement, test, and document features using JavaScript, TypeScript, React, Git. Collaborate with engineers through Git-based workflows, review code, debug issues, and learn production development practices. The internship includes a scoped project, mentorship, and regular technical feedback.","JavaScript, TypeScript, React, Git, REST API, Machine Learning, PostgreSQL",1 year,Internship,,True,https://careers.example.com/internships/INT0327
INT0328,NLP Intern,FinEdge,"Hyderabad, India","Work with the FinEdge engineering team on practical nlp intern projects. You will design, implement, test, and document features using Python, NLP, Machine Learning, PyTorch. Collaborate with engineers through Git-based workflows, review code, debug issues, and learn production development practices. The internship includes a scoped project, mentorship, and regular technical feedback.","Python, NLP, Machine Learning, PyTorch, Pandas, NumPy, Docker",0 years,Internship,"₹25,000/month",False,https://careers.example.com/internships/INT0328
INT0329,Machine Learning Intern,CloudNest,"Bengaluru, India","Work with the CloudNest engineering team on practical machine learning intern projects. You will design, implement, test, and document features using Python, Machine Learning, Pandas, NumPy. Collaborate with engineers through Git-based workflows, review code, debug issues, and learn production development practices. The internship includes a scoped project, mentorship, and regular technical feedback.","Python, Machine Learning, Pandas, NumPy, Scikit-learn, Git, PyTorch, Docker",1 year,Internship,"₹25,000/month",False,https://careers.example.com/internships/INT0329
INT0330,Frontend Engineering Intern,Aster Systems,"Remote, India","Work with the Aster Systems engineering team on practical frontend engineering intern projects. You will design, implement, test, and document features using JavaScript, TypeScript, React, Git. Collaborate with engineers through Git-based workflows, review code, debug issues, and learn production development practices. The internship includes a scoped project, mentorship, and regular technical feedback.","JavaScript, TypeScript, React, Git, REST API, Spring Boot, Python",1 year,Internship,"₹30,000/month",True,https://careers.example.com/internships/INT0330
INT0331,Cloud Engineering Intern,PixelWorks,"Hyderabad, India","Work with the PixelWorks engineering team on practical cloud engineering intern projects. You will design, implement, test, and document features using AWS, Docker, Linux, Git. Collaborate with engineers through Git-based workflows, review code, debug issues, and learn production development practices. The internship includes a scoped project, mentorship, and regular technical feedback.","AWS, Docker, Linux, Git, Python, REST API, SQL, Machine Learning",0 years,Internship,"₹30,000/month",False,https://careers.example.com/internships/INT0331
INT0332,Full Stack Intern,NovaTech,"Remote, India","Work with the NovaTech engineering team on practical full stack intern projects. You will design, implement, test, and document features using JavaScript, React, Node.js, SQL. Collaborate with engineers through Git-based workflows, review code, debug issues, and learn production development practices. The internship includes a scoped project, mentorship, and regular technical feedback.","JavaScript, React, Node.js, SQL, Docker, Git",0 years,Internship,"₹30,000/month",True,https://careers.example.com/internships/INT0332
INT0333,Frontend Engineering Intern,CodeHarbor,"Bengaluru, India","Work with the CodeHarbor engineering team on practical frontend engineering intern projects. You will design, implement, test, and document features using JavaScript, TypeScript, React, Git. Collaborate with engineers through Git-based workflows, review code, debug issues, and learn production development practices. The internship includes a scoped project, mentorship, and regular technical feedback.","JavaScript, TypeScript, React, Git, REST API, Node.js",0-1 years,Internship,"₹25,000/month",False,https://careers.example.com/internships/INT0333
INT0334,Data Engineering Intern,NovaTech,"Mumbai, India","Work with the NovaTech engineering team on practical data engineering intern projects. You will design, implement, test, and document features using Python, SQL, Pandas, Kafka. Collaborate with engineers through Git-based workflows, review code, debug issues, and learn production development practices. The internship includes a scoped project, mentorship, and regular technical feedback.","Python, SQL, Pandas, Kafka, AWS, Docker",0-1 years,Internship,"₹20,000/month",False,https://careers.example.com/internships/INT0334
INT0335,Cloud Engineering Intern,CoreVista,"Remote, India","Work with the CoreVista engineering team on practical cloud engineering intern projects. You will design, implement, test, and document features using AWS, Docker, Linux, Git. Collaborate with engineers through Git-based workflows, review code, debug issues, and learn production development practices. The internship includes a scoped project, mentorship, and regular technical feedback.","AWS, Docker, Linux, Git, Python, REST API, Kafka, Node.js",0-1 years,Internship,"₹25,000/month",True,https://careers.example.com/internships/INT0335
INT0336,AI Engineering Intern,Aster Systems,"Mumbai, India","Work with the Aster Systems engineering team on practical ai engineering intern projects. You will design, implement, test, and document features using Python, Machine Learning, PyTorch, FastAPI. Collaborate with engineers through Git-based workflows, review code, debug issues, and learn production development practices. The internship includes a scoped project, mentorship, and regular technical feedback.","Python, Machine Learning, PyTorch, FastAPI, Docker, Git",0 years,Internship,"₹30,000/month",False,https://careers.example.com/internships/INT0336
INT0337,Data Engineering Intern,CoreVista,"Mumbai, India","Work with the CoreVista engineering team on practical data engineering intern projects. You will design, implement, test, and document features using Python, SQL, Pandas, Kafka. Collaborate with engineers through Git-based workflows, review code, debug issues, and learn production development practices. The internship includes a scoped project, mentorship, and regular technical feedback.","Python, SQL, Pandas, Kafka, AWS, Docker, Node.js, Git",1 year,Internship,"₹20,000/month",False,https://careers.example.com/internships/INT0337
INT0338,Data Science Intern,FinEdge,"Chennai, India","Work with the FinEdge engineering team on practical data science intern projects. You will design, implement, test, and document features using Python, Pandas, NumPy, SQL. Collaborate with engineers through Git-based workflows, review code, debug issues, and learn production development practices. The internship includes a scoped project, mentorship, and regular technical feedback.","Python, Pandas, NumPy, SQL, Scikit-learn, Machine Learning, Java",0-1 years,Internship,"₹15,000/month",False,https://careers.example.com/internships/INT0338
INT0339,AI Engineering Intern,NovaTech,"Delhi NCR, India","Work with the NovaTech engineering team on practical ai engineering intern projects. You will design, implement, test, and document features using Python, Machine Learning, PyTorch, FastAPI. Collaborate with engineers through Git-based workflows, review code, debug issues, and learn production development practices. The internship includes a scoped project, mentorship, and regular technical feedback.","Python, Machine Learning, PyTorch, FastAPI, Docker, Git",0 years,Internship,,False,https://careers.example.com/internships/INT0339
INT0340,NLP Intern,BlueOrbit,"Delhi NCR, India","Work with the BlueOrbit engineering team on practical nlp intern projects. You will design, implement, test, and document features using Python, NLP, Machine Learning, PyTorch. Collaborate with engineers through Git-based workflows, review code, debug issues, and learn production development practices. The internship includes a scoped project, mentorship, and regular technical feedback.","Python, NLP, Machine Learning, PyTorch, Pandas, NumPy",0-1 years,Internship,"₹15,000/month",False,https://careers.example.com/internships/INT0340
INT0341,Microservices Intern,CoreVista,"Bengaluru, India","Work with the CoreVista engineering team on practical microservices intern projects. You will design, implement, test, and document features using Java, Spring Boot, Kafka, Docker. Collaborate with engineers through Git-based workflows, review code, debug issues, and learn production development practices. The internship includes a scoped project, mentorship, and regular technical feedback.","Java, Spring Boot, Kafka, Docker, Microservices, PostgreSQL",1 year,Internship,"₹30,000/month",False,https://careers.example.com/internships/INT0341
INT0342,Backend Engineering Intern,FinEdge,"Delhi NCR, India","Work with the FinEdge engineering team on practical backend engineering intern projects. You will design, implement, test, and document features using Python, FastAPI, PostgreSQL, Docker. Collaborate with engineers through Git-based workflows, review code, debug issues, and learn production development practices. The internship includes a scoped project, mentorship, and regular technical feedback.","Python, FastAPI, PostgreSQL, Docker, REST API, Git, SQL",0 years,Internship,,False,https://careers.example.com/internships/INT0342
INT0343,DevOps Intern,PixelWorks,"Remote, India","Work with the PixelWorks engineering team on practical devops intern projects. You will design, implement, test, and document features using Docker, Kubernetes, AWS, Linux. Collaborate with engineers through Git-based workflows, review code, debug issues, and learn production development practices. The internship includes a scoped project, mentorship, and regular technical feedback.","Docker, Kubernetes, AWS, Linux, Git, Python, REST API, PostgreSQL",0 years,Internship,"₹20,000/month",True,https://careers.example.com/internships/INT0343
INT0344,AI Engineering Intern,NovaTech,"Chennai, India","Work with the NovaTech engineering team on practical ai engineering intern projects. You will design, implement, test, and document features using Python, Machine Learning, PyTorch, FastAPI. Collaborate with engineers through Git-based workflows, review code, debug issues, and learn production development practices. The internship includes a scoped project, mentorship, and regular technical feedback.","Python, Machine Learning, PyTorch, FastAPI, Docker, Git",0 years,Internship,,False,https://careers.example.com/internships/INT0344
INT0345,Backend Engineering Intern,QuantumStack,"Remote, India","Work with the QuantumStack engineering team on practical backend engineering intern projects. You will design, implement, test, and document features using Python, FastAPI, PostgreSQL, Docker. Collaborate with engineers through Git-based workflows, review code, debug issues, and learn production development practices. The internship includes a scoped project, mentorship, and regular technical feedback.","Python, FastAPI, PostgreSQL, Docker, REST API, Git",0-1 years,Internship,"₹20,000/month",True,https://careers.example.com/internships/INT0345
INT0346,Machine Learning Intern,DataForge,"Mumbai, India","Work with the DataForge engineering team on practical machine learning intern projects. You will design, implement, test, and document features using Python, Machine Learning, Pandas, NumPy. Collaborate with engineers through Git-based workflows, review code, debug issues, and learn production development practices. The internship includes a scoped project, mentorship, and regular technical feedback.","Python, Machine Learning, Pandas, NumPy, Scikit-learn, Git, Docker, Linux",0-1 years,Internship,"₹30,000/month",False,https://careers.example.com/internships/INT0346
INT0347,Cloud Engineering Intern,BrightScale,"Delhi NCR, India","Work with the BrightScale engineering team on practical cloud engineering intern projects. You will design, implement, test, and document features using AWS, Docker, Linux, Git. Collaborate with engineers through Git-based workflows, review code, debug issues, and learn production development practices. The internship includes a scoped project, mentorship, and regular technical feedback.","AWS, Docker, Linux, Git, Python, REST API",0 years,Internship,"₹25,000/month",False,https://careers.example.com/internships/INT0347
INT0348,Java Backend Intern,FinEdge,"Hyderabad, India","Work with the FinEdge engineering team on practical java backend intern projects. You will design, implement, test, and document features using Java, Spring Boot, PostgreSQL, Docker. Collaborate with engineers through Git-based workflows, review code, debug issues, and learn production development practices. The internship includes a scoped project, mentorship, and regular technical feedback.","Java, Spring Boot, PostgreSQL, Docker, REST API, Git",1 year,Internship,"₹20,000/month",False,https://careers.example.com/internships/INT0348
INT0349,Backend Engineering Intern,CloudNest,"Chennai, India","Work with the CloudNest engineering team on practical backend engineering intern projects. You will design, implement, test, and document features using Python, FastAPI, PostgreSQL, Docker. Collaborate with engineers through Git-based workflows, review code, debug issues, and learn production development practices. The internship includes a scoped project, mentorship, and regular technical feedback.","Python, FastAPI, PostgreSQL, Docker, REST API, Git",1 year,Internship,"₹30,000/month",False,https://careers.example.com/internships/INT0349
INT0350,NLP Intern,Aster Systems,"Hyderabad, India","Work with the Aster Systems engineering team on practical nlp intern projects. You will design, implement, test, and document features using Python, NLP, Machine Learning, PyTorch. Collaborate with engineers through Git-based workflows, review code, debug issues, and learn production development practices. The internship includes a scoped project, mentorship, and regular technical feedback.","Python, NLP, Machine Learning, PyTorch, Pandas, NumPy, Scikit-learn",0-1 years,Internship,"₹20,000/month",False,https://careers.example.com/internships/INT0350
INT0351,Data Engineering Intern,NovaTech,"Mumbai, India","Work with the NovaTech engineering team on practical data engineering intern projects. You will design, implement, test, and document features using Python, SQL, Pandas, Kafka. Collaborate with engineers through Git-based workflows, review code, debug issues, and learn production development practices. The internship includes a scoped project, mentorship, and regular technical feedback.","Python, SQL, Pandas, Kafka, AWS, Docker",1 year,Internship,"₹15,000/month",False,https://careers.example.com/internships/INT0351
INT0352,Data Science Intern,Vertex Labs,"Remote, India","Work with the Vertex Labs engineering team on practical data science intern projects. You will design, implement, test, and document features using Python, Pandas, NumPy, SQL. Collaborate with engineers through Git-based workflows, review code, debug issues, and learn production development practices. The internship includes a scoped project, mentorship, and regular technical feedback.","Python, Pandas, NumPy, SQL, Scikit-learn, Machine Learning",0 years,Internship,"₹30,000/month",True,https://careers.example.com/internships/INT0352
INT0353,AI Engineering Intern,CoreVista,"Remote, India","Work with the CoreVista engineering team on practical ai engineering intern projects. You will design, implement, test, and document features using Python, Machine Learning, PyTorch, FastAPI. Collaborate with engineers through Git-based workflows, review code, debug issues, and learn production development practices. The internship includes a scoped project, mentorship, and regular technical feedback.","Python, Machine Learning, PyTorch, FastAPI, Docker, Git, Spring Boot, React",0-1 years,Internship,"₹20,000/month",True,https://careers.example.com/internships/INT0353
INT0354,NLP Intern,NovaTech,"Remote, India","Work with the NovaTech engineering team on practical nlp intern projects. You will design, implement, test, and document features using Python, NLP, Machine Learning, PyTorch. Collaborate with engineers through Git-based workflows, review code, debug issues, and learn production development practices. The internship includes a scoped project, mentorship, and regular technical feedback.","Python, NLP, Machine Learning, PyTorch, Pandas, NumPy",0-1 years,Internship,"₹20,000/month",True,https://careers.example.com/internships/INT0354
INT0355,Data Engineering Intern,CodeHarbor,"Pune, India","Work with the CodeHarbor engineering team on practical data engineering intern projects. You will design, implement, test, and document features using Python, SQL, Pandas, Kafka. Collaborate with engineers through Git-based workflows, review code, debug issues, and learn production development practices. The internship includes a scoped project, mentorship, and regular technical feedback.","Python, SQL, Pandas, Kafka, AWS, Docker, REST API, PyTorch",0 years,Internship,"₹25,000/month",False,https://careers.example.com/internships/INT0355
INT0356,Machine Learning Intern,PixelWorks,"Remote, India","Work with the PixelWorks engineering team on practical machine learning intern projects. You will design, implement, test, and document features using Python, Machine Learning, Pandas, NumPy. Collaborate with engineers through Git-based workflows, review code, debug issues, and learn production development practices. The internship includes a scoped project, mentorship, and regular technical feedback.","Python, Machine Learning, Pandas, NumPy, Scikit-learn, Git, Spring Boot, JavaScript",0 years,Internship,,True,https://careers.example.com/internships/INT0356
INT0357,AI Engineering Intern,FinEdge,"Pune, India","Work with the FinEdge engineering team on practical ai engineering intern projects. You will design, implement, test, and document features using Python, Machine Learning, PyTorch, FastAPI. Collaborate with engineers through Git-based workflows, review code, debug issues, and learn production development practices. The internship includes a scoped project, mentorship, and regular technical feedback.","Python, Machine Learning, PyTorch, FastAPI, Docker, Git, SQL, NLP",1 year,Internship,"₹30,000/month",False,https://careers.example.com/internships/INT0357
INT0358,NLP Intern,PixelWorks,"Pune, India","Work with the PixelWorks engineering team on practical nlp intern projects. You will design, implement, test, and document features using Python, NLP, Machine Learning, PyTorch. Collaborate with engineers through Git-based workflows, review code, debug issues, and learn production development practices. The internship includes a scoped project, mentorship, and regular technical feedback.","Python, NLP, Machine Learning, PyTorch, Pandas, NumPy, PostgreSQL",0-1 years,Internship,"₹20,000/month",False,https://careers.example.com/internships/INT0358
INT0359,NLP Intern,Aster Systems,"Remote, India","Work with the Aster Systems engineering team on practical nlp intern projects. You will design, implement, test, and document features using Python, NLP, Machine Learning, PyTorch. Collaborate with engineers through Git-based workflows, review code, debug issues, and learn production development practices. The internship includes a scoped project, mentorship, and regular technical feedback.","Python, NLP, Machine Learning, PyTorch, Pandas, NumPy, JavaScript",1 year,Internship,"₹20,000/month",True,https://careers.example.com/internships/INT0359
INT0360,DevOps Intern,FinEdge,"Mumbai, India","Work with the FinEdge engineering team on practical devops intern projects. You will design, implement, test, and document features using Docker, Kubernetes, AWS, Linux. Collaborate with engineers through Git-based workflows, review code, debug issues, and learn production development practices. The internship includes a scoped project, mentorship, and regular technical feedback.","Docker, Kubernetes, AWS, Linux, Git, Python",1 year,Internship,,False,https://careers.example.com/internships/INT0360
INT0361,Machine Learning Intern,CloudNest,"Remote, India","Work with the CloudNest engineering team on practical machine learning intern projects. You will design, implement, test, and document features using Python, Machine Learning, Pandas, NumPy. Collaborate with engineers through Git-based workflows, review code, debug issues, and learn production development practices. The internship includes a scoped project, mentorship, and regular technical feedback.","Python, Machine Learning, Pandas, NumPy, Scikit-learn, Git, React",1 year,Internship,"₹15,000/month",True,https://careers.example.com/internships/INT0361
INT0362,DevOps Intern,FinEdge,"Hyderabad, India","Work with the FinEdge engineering team on practical devops intern projects. You will design, implement, test, and document features using Docker, Kubernetes, AWS, Linux. Collaborate with engineers through Git-based workflows, review code, debug issues, and learn production development practices. The internship includes a scoped project, mentorship, and regular technical feedback.","Docker, Kubernetes, AWS, Linux, Git, Python, PostgreSQL",0 years,Internship,"₹25,000/month",False,https://careers.example.com/internships/INT0362
INT0363,Cloud Engineering Intern,Aster Systems,"Delhi NCR, India","Work with the Aster Systems engineering team on practical cloud engineering intern projects. You will design, implement, test, and document features using AWS, Docker, Linux, Git. Collaborate with engineers through Git-based workflows, review code, debug issues, and learn production development practices. The internship includes a scoped project, mentorship, and regular technical feedback.","AWS, Docker, Linux, Git, Python, REST API, Java, PostgreSQL",1 year,Internship,,False,https://careers.example.com/internships/INT0363
INT0364,Data Science Intern,DataForge,"Remote, India","Work with the DataForge engineering team on practical data science intern projects. You will design, implement, test, and document features using Python, Pandas, NumPy, SQL. Collaborate with engineers through Git-based workflows, review code, debug issues, and learn production development practices. The internship includes a scoped project, mentorship, and regular technical feedback.","Python, Pandas, NumPy, SQL, Scikit-learn, Machine Learning, TypeScript",0 years,Internship,"₹20,000/month",True,https://careers.example.com/internships/INT0364
INT0365,Data Science Intern,Aster Systems,"Chennai, India","Work with the Aster Systems engineering team on practical data science intern projects. You will design, implement, test, and document features using Python, Pandas, NumPy, SQL. Collaborate with engineers through Git-based workflows, review code, debug issues, and learn production development practices. The internship includes a scoped project, mentorship, and regular technical feedback.","Python, Pandas, NumPy, SQL, Scikit-learn, Machine Learning, PostgreSQL, Linux",0 years,Internship,"₹30,000/month",False,https://careers.example.com/internships/INT0365
INT0366,Data Science Intern,PixelWorks,"Chennai, India","Work with the PixelWorks engineering team on practical data science intern projects. You will design, implement, test, and document features using Python, Pandas, NumPy, SQL. Collaborate with engineers through Git-based workflows, review code, debug issues, and learn production development practices. The internship includes a scoped project, mentorship, and regular technical feedback.","Python, Pandas, NumPy, SQL, Scikit-learn, Machine Learning, Docker, React",0-1 years,Internship,"₹25,000/month",False,https://careers.example.com/internships/INT0366
INT0367,Frontend Engineering Intern,QuantumStack,"Chennai, India","Work with the QuantumStack engineering team on practical frontend engineering intern projects. You will design, implement, test, and document features using JavaScript, TypeScript, React, Git. Collaborate with engineers through Git-based workflows, review code, debug issues, and learn production development practices. The internship includes a scoped project, mentorship, and regular technical feedback.","JavaScript, TypeScript, React, Git, REST API, NLP",0-1 years,Internship,"₹25,000/month",False,https://careers.example.com/internships/INT0367
INT0368,Data Science Intern,PixelWorks,"Remote, India","Work with the PixelWorks engineering team on practical data science intern projects. You will design, implement, test, and document features using Python, Pandas, NumPy, SQL. Collaborate with engineers through Git-based workflows, review code, debug issues, and learn production development practices. The internship includes a scoped project, mentorship, and regular technical feedback.","Python, Pandas, NumPy, SQL, Scikit-learn, Machine Learning, Docker",0 years,Internship,"₹20,000/month",True,https://careers.example.com/internships/INT0368
INT0369,Backend Engineering Intern,CodeHarbor,"Mumbai, India","Work with the CodeHarbor engineering team on practical backend engineering intern projects. You will design, implement, test, and document features using Python, FastAPI, PostgreSQL, Docker. Collaborate with engineers through Git-based workflows, review code, debug issues, and learn production development practices. The internship includes a scoped project, mentorship, and regular technical feedback.","Python, FastAPI, PostgreSQL, Docker, REST API, Git, Pandas",0-1 years,Internship,"₹20,000/month",False,https://careers.example.com/internships/INT0369
INT0370,Data Science Intern,PixelWorks,"Hyderabad, India","Work with the PixelWorks engineering team on practical data science intern projects. You will design, implement, test, and document features using Python, Pandas, NumPy, SQL. Collaborate with engineers through Git-based workflows, review code, debug issues, and learn production development practices. The internship includes a scoped project, mentorship, and regular technical feedback.","Python, Pandas, NumPy, SQL, Scikit-learn, Machine Learning, React",0-1 years,Internship,,False,https://careers.example.com/internships/INT0370
INT0371,Microservices Intern,QuantumStack,"Chennai, India","Work with the QuantumStack engineering team on practical microservices intern projects. You will design, implement, test, and document features using Java, Spring Boot, Kafka, Docker. Collaborate with engineers through Git-based workflows, review code, debug issues, and learn production development practices. The internship includes a scoped project, mentorship, and regular technical feedback.","Java, Spring Boot, Kafka, Docker, Microservices, PostgreSQL, Git, Scikit-learn",1 year,Internship,"₹30,000/month",False,https://careers.example.com/internships/INT0371
INT0372,DevOps Intern,CoreVista,"Hyderabad, India","Work with the CoreVista engineering team on practical devops intern projects. You will design, implement, test, and document features using Docker, Kubernetes, AWS, Linux. Collaborate with engineers through Git-based workflows, review code, debug issues, and learn production development practices. The internship includes a scoped project, mentorship, and regular technical feedback.","Docker, Kubernetes, AWS, Linux, Git, Python",0 years,Internship,,False,https://careers.example.com/internships/INT0372
INT0373,DevOps Intern,FinEdge,"Bengaluru, India","Work with the FinEdge engineering team on practical devops intern projects. You will design, implement, test, and document features using Docker, Kubernetes, AWS, Linux. Collaborate with engineers through Git-based workflows, review code, debug issues, and learn production development practices. The internship includes a scoped project, mentorship, and regular technical feedback.","Docker, Kubernetes, AWS, Linux, Git, Python",1 year,Internship,"₹15,000/month",False,https://careers.example.com/internships/INT0373
INT0374,Java Backend Intern,PixelWorks,"Remote, India","Work with the PixelWorks engineering team on practical java backend intern projects. You will design, implement, test, and document features using Java, Spring Boot, PostgreSQL, Docker. Collaborate with engineers through Git-based workflows, review code, debug issues, and learn production development practices. The internship includes a scoped project, mentorship, and regular technical feedback.","Java, Spring Boot, PostgreSQL, Docker, REST API, Git, Machine Learning, Python",1 year,Internship,"₹20,000/month",True,https://careers.example.com/internships/INT0374
INT0375,Java Backend Intern,Aster Systems,"Pune, India","Work with the Aster Systems engineering team on practical java backend intern projects. You will design, implement, test, and document features using Java, Spring Boot, PostgreSQL, Docker. Collaborate with engineers through Git-based workflows, review code, debug issues, and learn production development practices. The internship includes a scoped project, mentorship, and regular technical feedback.","Java, Spring Boot, PostgreSQL, Docker, REST API, Git, NumPy, Python",0 years,Internship,,False,https://careers.example.com/internships/INT0375
INT0376,Microservices Intern,BrightScale,"Bengaluru, India","Work with the BrightScale engineering team on practical microservices intern projects. You will design, implement, test, and document features using Java, Spring Boot, Kafka, Docker. Collaborate with engineers through Git-based workflows, review code, debug issues, and learn production development practices. The internship includes a scoped project, mentorship, and regular technical feedback.","Java, Spring Boot, Kafka, Docker, Microservices, PostgreSQL, NLP, Git",1 year,Internship,,False,https://careers.example.com/internships/INT0376
INT0377,Cloud Engineering Intern,NovaTech,"Pune, India","Work with the NovaTech engineering team on practical cloud engineering intern projects. You will design, implement, test, and document features using AWS, Docker, Linux, Git. Collaborate with engineers through Git-based workflows, review code, debug issues, and learn production development practices. The internship includes a scoped project, mentorship, and regular technical feedback.","AWS, Docker, Linux, Git, Python, REST API",1 year,Internship,"₹25,000/month",False,https://careers.example.com/internships/INT0377
INT0378,Backend Engineering Intern,Vertex Labs,"Delhi NCR, India","Work with the Vertex Labs engineering team on practical backend engineering intern projects. You will design, implement, test, and document features using Python, FastAPI, PostgreSQL, Docker. Collaborate with engineers through Git-based workflows, review code, debug issues, and learn production development practices. The internship includes a scoped project, mentorship, and regular technical feedback.","Python, FastAPI, PostgreSQL, Docker, REST API, Git, NumPy, JavaScript",0 years,Internship,"₹20,000/month",False,https://careers.example.com/internships/INT0378
INT0379,Data Science Intern,DataForge,"Remote, India","Work with the DataForge engineering team on practical data science intern projects. You will design, implement, test, and document features using Python, Pandas, NumPy, SQL. Collaborate with engineers through Git-based workflows, review code, debug issues, and learn production development practices. The internship includes a scoped project, mentorship, and regular technical feedback.","Python, Pandas, NumPy, SQL, Scikit-learn, Machine Learning, PyTorch, REST API",0-1 years,Internship,"₹15,000/month",True,https://careers.example.com/internships/INT0379
INT0380,Full Stack Intern,CodeHarbor,"Remote, India","Work with the CodeHarbor engineering team on practical full stack intern projects. You will design, implement, test, and document features using JavaScript, React, Node.js, SQL. Collaborate with engineers through Git-based workflows, review code, debug issues, and learn production development practices. The internship includes a scoped project, mentorship, and regular technical feedback.","JavaScript, React, Node.js, SQL, Docker, Git, NLP",1 year,Internship,"₹20,000/month",True,https://careers.example.com/internships/INT0380
INT0381,Frontend Engineering Intern,BrightScale,"Chennai, India","Work with the BrightScale engineering team on practical frontend engineering intern projects. You will design, implement, test, and document features using JavaScript, TypeScript, React, Git. Collaborate with engineers through Git-based workflows, review code, debug issues, and learn production development practices. The internship includes a scoped project, mentorship, and regular technical feedback.","JavaScript, TypeScript, React, Git, REST API, AWS, Spring Boot",0 years,Internship,"₹15,000/month",False,https://careers.example.com/internships/INT0381
INT0382,Cloud Engineering Intern,FinEdge,"Chennai, India","Work with the FinEdge engineering team on practical cloud engineering intern projects. You will design, implement, test, and document features using AWS, Docker, Linux, Git. Collaborate with engineers through Git-based workflows, review code, debug issues, and learn production development practices. The internship includes a scoped project, mentorship, and regular technical feedback.","AWS, Docker, Linux, Git, Python, REST API, PyTorch",0 years,Internship,"₹20,000/month",False,https://careers.example.com/internships/INT0382
INT0383,Java Backend Intern,BrightScale,"Delhi NCR, India","Work with the BrightScale engineering team on practical java backend intern projects. You will design, implement, test, and document features using Java, Spring Boot, PostgreSQL, Docker. Collaborate with engineers through Git-based workflows, review code, debug issues, and learn production development practices. The internship includes a scoped project, mentorship, and regular technical feedback.","Java, Spring Boot, PostgreSQL, Docker, REST API, Git, Python",0 years,Internship,,False,https://careers.example.com/internships/INT0383
INT0384,Backend Engineering Intern,Aster Systems,"Chennai, India","Work with the Aster Systems engineering team on practical backend engineering intern projects. You will design, implement, test, and document features using Python, FastAPI, PostgreSQL, Docker. Collaborate with engineers through Git-based workflows, review code, debug issues, and learn production development practices. The internship includes a scoped project, mentorship, and regular technical feedback.","Python, FastAPI, PostgreSQL, Docker, REST API, Git",1 year,Internship,"₹30,000/month",False,https://careers.example.com/internships/INT0384
INT0385,Frontend Engineering Intern,Vertex Labs,"Pune, India","Work with the Vertex Labs engineering team on practical frontend engineering intern projects. You will design, implement, test, and document features using JavaScript, TypeScript, React, Git. Collaborate with engineers through Git-based workflows, review code, debug issues, and learn production development practices. The internship includes a scoped project, mentorship, and regular technical feedback.","JavaScript, TypeScript, React, Git, REST API",1 year,Internship,,False,https://careers.example.com/internships/INT0385
INT0386,Microservices Intern,BlueOrbit,"Pune, India","Work with the BlueOrbit engineering team on practical microservices intern projects. You will design, implement, test, and document features using Java, Spring Boot, Kafka, Docker. Collaborate with engineers through Git-based workflows, review code, debug issues, and learn production development practices. The internship includes a scoped project, mentorship, and regular technical feedback.","Java, Spring Boot, Kafka, Docker, Microservices, PostgreSQL",0 years,Internship,"₹20,000/month",False,https://careers.example.com/internships/INT0386
INT0387,AI Engineering Intern,CoreVista,"Bengaluru, India","Work with the CoreVista engineering team on practical ai engineering intern projects. You will design, implement, test, and document features using Python, Machine Learning, PyTorch, FastAPI. Collaborate with engineers through Git-based workflows, review code, debug issues, and learn production development practices. The internship includes a scoped project, mentorship, and regular technical feedback.","Python, Machine Learning, PyTorch, FastAPI, Docker, Git",0-1 years,Internship,"₹20,000/month",False,https://careers.example.com/internships/INT0387
INT0388,AI Engineering Intern,CodeHarbor,"Mumbai, India","Work with the CodeHarbor engineering team on practical ai engineering intern projects. You will design, implement, test, and document features using Python, Machine Learning, PyTorch, FastAPI. Collaborate with engineers through Git-based workflows, review code, debug issues, and learn production development practices. The internship includes a scoped project, mentorship, and regular technical feedback.","Python, Machine Learning, PyTorch, FastAPI, Docker, Git",1 year,Internship,,False,https://careers.example.com/internships/INT0388
INT0389,Full Stack Intern,CoreVista,"Delhi NCR, India","Work with the CoreVista engineering team on practical full stack intern projects. You will design, implement, test, and document features using JavaScript, React, Node.js, SQL. Collaborate with engineers through Git-based workflows, review code, debug issues, and learn production development practices. The internship includes a scoped project, mentorship, and regular technical feedback.","JavaScript, React, Node.js, SQL, Docker, Git, Python",1 year,Internship,"₹25,000/month",False,https://careers.example.com/internships/INT0389
INT0390,Backend Engineering Intern,PixelWorks,"Remote, India","Work with the PixelWorks engineering team on practical backend engineering intern projects. You will design, implement, test, and document features using Python, FastAPI, PostgreSQL, Docker. Collaborate with engineers through Git-based workflows, review code, debug issues, and learn production development practices. The internship includes a scoped project, mentorship, and regular technical feedback.","Python, FastAPI, PostgreSQL, Docker, REST API, Git",0 years,Internship,"₹25,000/month",True,https://careers.example.com/internships/INT0390
INT0391,AI Engineering Intern,DataForge,"Remote, India","Work with the DataForge engineering team on practical ai engineering intern projects. You will design, implement, test, and document features using Python, Machine Learning, PyTorch, FastAPI. Collaborate with engineers through Git-based workflows, review code, debug issues, and learn production development practices. The internship includes a scoped project, mentorship, and regular technical feedback.","Python, Machine Learning, PyTorch, FastAPI, Docker, Git, AWS",0-1 years,Internship,"₹30,000/month",True,https://careers.example.com/internships/INT0391
INT0392,DevOps Intern,DataForge,"Mumbai, India","Work with the DataForge engineering team on practical devops intern projects. You will design, implement, test, and document features using Docker, Kubernetes, AWS, Linux. Collaborate with engineers through Git-based workflows, review code, debug issues, and learn production development practices. The internship includes a scoped project, mentorship, and regular technical feedback.","Docker, Kubernetes, AWS, Linux, Git, Python",0-1 years,Internship,"₹20,000/month",False,https://careers.example.com/internships/INT0392
INT0393,Microservices Intern,Vertex Labs,"Pune, India","Work with the Vertex Labs engineering team on practical microservices intern projects. You will design, implement, test, and document features using Java, Spring Boot, Kafka, Docker. Collaborate with engineers through Git-based workflows, review code, debug issues, and learn production development practices. The internship includes a scoped project, mentorship, and regular technical feedback.","Java, Spring Boot, Kafka, Docker, Microservices, PostgreSQL, Pandas, React",0 years,Internship,"₹15,000/month",False,https://careers.example.com/internships/INT0393
INT0394,Java Backend Intern,PixelWorks,"Chennai, India","Work with the PixelWorks engineering team on practical java backend intern projects. You will design, implement, test, and document features using Java, Spring Boot, PostgreSQL, Docker. Collaborate with engineers through Git-based workflows, review code, debug issues, and learn production development practices. The internship includes a scoped project, mentorship, and regular technical feedback.","Java, Spring Boot, PostgreSQL, Docker, REST API, Git, NumPy",0 years,Internship,"₹30,000/month",False,https://careers.example.com/internships/INT0394
INT0395,Full Stack Intern,Vertex Labs,"Remote, India","Work with the Vertex Labs engineering team on practical full stack intern projects. You will design, implement, test, and document features using JavaScript, React, Node.js, SQL. Collaborate with engineers through Git-based workflows, review code, debug issues, and learn production development practices. The internship includes a scoped project, mentorship, and regular technical feedback.","JavaScript, React, Node.js, SQL, Docker, Git, PostgreSQL",0-1 years,Internship,"₹30,000/month",True,https://careers.example.com/internships/INT0395
INT0396,Full Stack Intern,BlueOrbit,"Remote, India","Work with the BlueOrbit engineering team on practical full stack intern projects. You will design, implement, test, and document features using JavaScript, React, Node.js, SQL. Collaborate with engineers through Git-based workflows, review code, debug issues, and learn production development practices. The internship includes a scoped project, mentorship, and regular technical feedback.","JavaScript, React, Node.js, SQL, Docker, Git, PostgreSQL",0-1 years,Internship,"₹30,000/month",True,https://careers.example.com/internships/INT0396
INT0397,NLP Intern,Vertex Labs,"Remote, India","Work with the Vertex Labs engineering team on practical nlp intern projects. You will design, implement, test, and document features using Python, NLP, Machine Learning, PyTorch. Collaborate with engineers through Git-based workflows, review code, debug issues, and learn production development practices. The internship includes a scoped project, mentorship, and regular technical feedback.","Python, NLP, Machine Learning, PyTorch, Pandas, NumPy, Kubernetes, AWS",0-1 years,Internship,,True,https://careers.example.com/internships/INT0397
INT0398,Java Backend Intern,PixelWorks,"Remote, India","Work with the PixelWorks engineering team on practical java backend intern projects. You will design, implement, test, and document features using Java, Spring Boot, PostgreSQL, Docker. Collaborate with engineers through Git-based workflows, review code, debug issues, and learn production development practices. The internship includes a scoped project, mentorship, and regular technical feedback.","Java, Spring Boot, PostgreSQL, Docker, REST API, Git, Microservices, AWS",0-1 years,Internship,"₹30,000/month",True,https://careers.example.com/internships/INT0398
INT0399,Java Backend Intern,CodeHarbor,"Chennai, India","Work with the CodeHarbor engineering team on practical java backend intern projects. You will design, implement, test, and document features using Java, Spring Boot, PostgreSQL, Docker. Collaborate with engineers through Git-based workflows, review code, debug issues, and learn production development practices. The internship includes a scoped project, mentorship, and regular technical feedback.","Java, Spring Boot, PostgreSQL, Docker, REST API, Git, PyTorch, React",0-1 years,Internship,"₹20,000/month",False,https://careers.example.com/internships/INT0399
INT0400,Machine Learning Intern,CloudNest,"Bengaluru, India","Work with the CloudNest engineering team on practical machine learning intern projects. You will design, implement, test, and document features using Python, Machine Learning, Pandas, NumPy. Collaborate with engineers through Git-based workflows, review code, debug issues, and learn production development practices. The internship includes a scoped project, mentorship, and regular technical feedback.","Python, Machine Learning, Pandas, NumPy, Scikit-learn, Git, AWS",0 years,Internship,"₹30,000/month",False,https://careers.example.com/internships/INT0400
INT0401,Frontend Engineering Intern,QuantumStack,"Pune, India","Work with the QuantumStack engineering team on practical frontend engineering intern projects. You will design, implement, test, and document features using JavaScript, TypeScript, React, Git. Collaborate with engineers through Git-based workflows, review code, debug issues, and learn production development practices. The internship includes a scoped project, mentorship, and regular technical feedback.","JavaScript, TypeScript, React, Git, REST API, Node.js",0-1 years,Internship,"₹20,000/month",False,https://careers.example.com/internships/INT0401
INT0402,Data Engineering Intern,CodeHarbor,"Remote, India","Work with the CodeHarbor engineering team on practical data engineering intern projects. You will design, implement, test, and document features using Python, SQL, Pandas, Kafka. Collaborate with engineers through Git-based workflows, review code, debug issues, and learn production development practices. The internship includes a scoped project, mentorship, and regular technical feedback.","Python, SQL, Pandas, Kafka, AWS, Docker, NLP, Git",0 years,Internship,"₹20,000/month",True,https://careers.example.com/internships/INT0402
INT0403,Frontend Engineering Intern,PixelWorks,"Delhi NCR, India","Work with the PixelWorks engineering team on practical frontend engineering intern projects. You will design, implement, test, and document features using JavaScript, TypeScript, React, Git. Collaborate with engineers through Git-based workflows, review code, debug issues, and learn production development practices. The internship includes a scoped project, mentorship, and regular technical feedback.","JavaScript, TypeScript, React, Git, REST API",0-1 years,Internship,"₹25,000/month",False,https://careers.example.com/internships/INT0403
INT0404,DevOps Intern,BrightScale,"Hyderabad, India","Work with the BrightScale engineering team on practical devops intern projects. You will design, implement, test, and document features using Docker, Kubernetes, AWS, Linux. Collaborate with engineers through Git-based workflows, review code, debug issues, and learn production development practices. The internship includes a scoped project, mentorship, and regular technical feedback.","Docker, Kubernetes, AWS, Linux, Git, Python, PyTorch",0-1 years,Internship,"₹25,000/month",False,https://careers.example.com/internships/INT0404
INT0405,AI Engineering Intern,DataForge,"Remote, India","Work with the DataForge engineering team on practical ai engineering intern projects. You will design, implement, test, and document features using Python, Machine Learning, PyTorch, FastAPI. Collaborate with engineers through Git-based workflows, review code, debug issues, and learn production development practices. The internship includes a scoped project, mentorship, and regular technical feedback.","Python, Machine Learning, PyTorch, FastAPI, Docker, Git, Scikit-learn, Java",0-1 years,Internship,"₹25,000/month",True,https://careers.example.com/internships/INT0405
INT0406,Frontend Engineering Intern,QuantumStack,"Hyderabad, India","Work with the QuantumStack engineering team on practical frontend engineering intern projects. You will design, implement, test, and document features using JavaScript, TypeScript, React, Git. Collaborate with engineers through Git-based workflows, review code, debug issues, and learn production development practices. The internship includes a scoped project, mentorship, and regular technical feedback.","JavaScript, TypeScript, React, Git, REST API, Kafka, FastAPI",0-1 years,Internship,"₹30,000/month",False,https://careers.example.com/internships/INT0406
INT0407,Frontend Engineering Intern,Vertex Labs,"Hyderabad, India","Work with the Vertex Labs engineering team on practical frontend engineering intern projects. You will design, implement, test, and document features using JavaScript, TypeScript, React, Git. Collaborate with engineers through Git-based workflows, review code, debug issues, and learn production development practices. The internship includes a scoped project, mentorship, and regular technical feedback.","JavaScript, TypeScript, React, Git, REST API, Docker",1 year,Internship,,False,https://careers.example.com/internships/INT0407
INT0408,Machine Learning Intern,CoreVista,"Chennai, India","Work with the CoreVista engineering team on practical machine learning intern projects. You will design, implement, test, and document features using Python, Machine Learning, Pandas, NumPy. Collaborate with engineers through Git-based workflows, review code, debug issues, and learn production development practices. The internship includes a scoped project, mentorship, and regular technical feedback.","Python, Machine Learning, Pandas, NumPy, Scikit-learn, Git, Docker, PostgreSQL",0 years,Internship,"₹30,000/month",False,https://careers.example.com/internships/INT0408
INT0409,Frontend Engineering Intern,PixelWorks,"Hyderabad, India","Work with the PixelWorks engineering team on practical frontend engineering intern projects. You will design, implement, test, and document features using JavaScript, TypeScript, React, Git. Collaborate with engineers through Git-based workflows, review code, debug issues, and learn production development practices. The internship includes a scoped project, mentorship, and regular technical feedback.","JavaScript, TypeScript, React, Git, REST API, Java, AWS",1 year,Internship,"₹25,000/month",False,https://careers.example.com/internships/INT0409
INT0410,Data Science Intern,BlueOrbit,"Mumbai, India","Work with the BlueOrbit engineering team on practical data science intern projects. You will design, implement, test, and document features using Python, Pandas, NumPy, SQL. Collaborate with engineers through Git-based workflows, review code, debug issues, and learn production development practices. The internship includes a scoped project, mentorship, and regular technical feedback.","Python, Pandas, NumPy, SQL, Scikit-learn, Machine Learning, Microservices",0 years,Internship,"₹30,000/month",False,https://careers.example.com/internships/INT0410
INT0411,AI Engineering Intern,PixelWorks,"Chennai, India","Work with the PixelWorks engineering team on practical ai engineering intern projects. You will design, implement, test, and document features using Python, Machine Learning, PyTorch, FastAPI. Collaborate with engineers through Git-based workflows, review code, debug issues, and learn production development practices. The internship includes a scoped project, mentorship, and regular technical feedback.","Python, Machine Learning, PyTorch, FastAPI, Docker, Git, Kafka",0-1 years,Internship,,False,https://careers.example.com/internships/INT0411
INT0412,Backend Engineering Intern,CodeHarbor,"Bengaluru, India","Work with the CodeHarbor engineering team on practical backend engineering intern projects. You will design, implement, test, and document features using Python, FastAPI, PostgreSQL, Docker. Collaborate with engineers through Git-based workflows, review code, debug issues, and learn production development practices. The internship includes a scoped project, mentorship, and regular technical feedback.","Python, FastAPI, PostgreSQL, Docker, REST API, Git, SQL",0 years,Internship,"₹20,000/month",False,https://careers.example.com/internships/INT0412
INT0413,Microservices Intern,BrightScale,"Delhi NCR, India","Work with the BrightScale engineering team on practical microservices intern projects. You will design, implement, test, and document features using Java, Spring Boot, Kafka, Docker. Collaborate with engineers through Git-based workflows, review code, debug issues, and learn production development practices. The internship includes a scoped project, mentorship, and regular technical feedback.","Java, Spring Boot, Kafka, Docker, Microservices, PostgreSQL, REST API, Scikit-learn",1 year,Internship,"₹30,000/month",False,https://careers.example.com/internships/INT0413
INT0414,Full Stack Intern,NovaTech,"Remote, India","Work with the NovaTech engineering team on practical full stack intern projects. You will design, implement, test, and document features using JavaScript, React, Node.js, SQL. Collaborate with engineers through Git-based workflows, review code, debug issues, and learn production development practices. The internship includes a scoped project, mentorship, and regular technical feedback.","JavaScript, React, Node.js, SQL, Docker, Git, PostgreSQL",0 years,Internship,,True,https://careers.example.com/internships/INT0414
INT0415,Data Engineering Intern,CoreVista,"Mumbai, India","Work with the CoreVista engineering team on practical data engineering intern projects. You will design, implement, test, and document features using Python, SQL, Pandas, Kafka. Collaborate with engineers through Git-based workflows, review code, debug issues, and learn production development practices. The internship includes a scoped project, mentorship, and regular technical feedback.","Python, SQL, Pandas, Kafka, AWS, Docker, Machine Learning, FastAPI",0-1 years,Internship,"₹30,000/month",False,https://careers.example.com/internships/INT0415
INT0416,DevOps Intern,BlueOrbit,"Bengaluru, India","Work with the BlueOrbit engineering team on practical devops intern projects. You will design, implement, test, and document features using Docker, Kubernetes, AWS, Linux. Collaborate with engineers through Git-based workflows, review code, debug issues, and learn production development practices. The internship includes a scoped project, mentorship, and regular technical feedback.","Docker, Kubernetes, AWS, Linux, Git, Python, PostgreSQL, FastAPI",0-1 years,Internship,"₹15,000/month",False,https://careers.example.com/internships/INT0416
INT0417,Frontend Engineering Intern,Vertex Labs,"Chennai, India","Work with the Vertex Labs engineering team on practical frontend engineering intern projects. You will design, implement, test, and document features using JavaScript, TypeScript, React, Git. Collaborate with engineers through Git-based workflows, review code, debug issues, and learn production development practices. The internship includes a scoped project, mentorship, and regular technical feedback.","JavaScript, TypeScript, React, Git, REST API, Spring Boot",0 years,Internship,"₹25,000/month",False,https://careers.example.com/internships/INT0417
INT0418,Frontend Engineering Intern,Aster Systems,"Pune, India","Work with the Aster Systems engineering team on practical frontend engineering intern projects. You will design, implement, test, and document features using JavaScript, TypeScript, React, Git. Collaborate with engineers through Git-based workflows, review code, debug issues, and learn production development practices. The internship includes a scoped project, mentorship, and regular technical feedback.","JavaScript, TypeScript, React, Git, REST API, Linux",0-1 years,Internship,"₹15,000/month",False,https://careers.example.com/internships/INT0418
INT0419,DevOps Intern,Vertex Labs,"Remote, India","Work with the Vertex Labs engineering team on practical devops intern projects. You will design, implement, test, and document features using Docker, Kubernetes, AWS, Linux. Collaborate with engineers through Git-based workflows, review code, debug issues, and learn production development practices. The internship includes a scoped project, mentorship, and regular technical feedback.","Docker, Kubernetes, AWS, Linux, Git, Python, Pandas, JavaScript",1 year,Internship,"₹15,000/month",True,https://careers.example.com/internships/INT0419
INT0420,Backend Engineering Intern,BrightScale,"Chennai, India","Work with the BrightScale engineering team on practical backend engineering intern projects. You will design, implement, test, and document features using Python, FastAPI, PostgreSQL, Docker. Collaborate with engineers through Git-based workflows, review code, debug issues, and learn production development practices. The internship includes a scoped project, mentorship, and regular technical feedback.","Python, FastAPI, PostgreSQL, Docker, REST API, Git, Pandas",0 years,Internship,,False,https://careers.example.com/internships/INT0420
INT0421,Machine Learning Intern,FinEdge,"Mumbai, India","Work with the FinEdge engineering team on practical machine learning intern projects. You will design, implement, test, and document features using Python, Machine Learning, Pandas, NumPy. Collaborate with engineers through Git-based workflows, review code, debug issues, and learn production development practices. The internship includes a scoped project, mentorship, and regular technical feedback.","Python, Machine Learning, Pandas, NumPy, Scikit-learn, Git, JavaScript, Linux",0 years,Internship,"₹30,000/month",False,https://careers.example.com/internships/INT0421
INT0422,Microservices Intern,BlueOrbit,"Mumbai, India","Work with the BlueOrbit engineering team on practical microservices intern projects. You will design, implement, test, and document features using Java, Spring Boot, Kafka, Docker. Collaborate with engineers through Git-based workflows, review code, debug issues, and learn production development practices. The internship includes a scoped project, mentorship, and regular technical feedback.","Java, Spring Boot, Kafka, Docker, Microservices, PostgreSQL",0-1 years,Internship,"₹15,000/month",False,https://careers.example.com/internships/INT0422
INT0423,Data Engineering Intern,CodeHarbor,"Bengaluru, India","Work with the CodeHarbor engineering team on practical data engineering intern projects. You will design, implement, test, and document features using Python, SQL, Pandas, Kafka. Collaborate with engineers through Git-based workflows, review code, debug issues, and learn production development practices. The internship includes a scoped project, mentorship, and regular technical feedback.","Python, SQL, Pandas, Kafka, AWS, Docker, Git, Kubernetes",1 year,Internship,"₹20,000/month",False,https://careers.example.com/internships/INT0423
INT0424,Data Science Intern,Vertex Labs,"Delhi NCR, India","Work with the Vertex Labs engineering team on practical data science intern projects. You will design, implement, test, and document features using Python, Pandas, NumPy, SQL. Collaborate with engineers through Git-based workflows, review code, debug issues, and learn production development practices. The internship includes a scoped project, mentorship, and regular technical feedback.","Python, Pandas, NumPy, SQL, Scikit-learn, Machine Learning, AWS",0 years,Internship,"₹25,000/month",False,https://careers.example.com/internships/INT0424
INT0425,Full Stack Intern,QuantumStack,"Remote, India","Work with the QuantumStack engineering team on practical full stack intern projects. You will design, implement, test, and document features using JavaScript, React, Node.js, SQL. Collaborate with engineers through Git-based workflows, review code, debug issues, and learn production development practices. The internship includes a scoped project, mentorship, and regular technical feedback.","JavaScript, React, Node.js, SQL, Docker, Git",1 year,Internship,"₹30,000/month",True,https://careers.example.com/internships/INT0425
INT0426,NLP Intern,PixelWorks,"Delhi NCR, India","Work with the PixelWorks engineering team on practical nlp intern projects. You will design, implement, test, and document features using Python, NLP, Machine Learning, PyTorch. Collaborate with engineers through Git-based workflows, review code, debug issues, and learn production development practices. The internship includes a scoped project, mentorship, and regular technical feedback.","Python, NLP, Machine Learning, PyTorch, Pandas, NumPy, JavaScript, Git",0 years,Internship,"₹25,000/month",False,https://careers.example.com/internships/INT0426
INT0427,Full Stack Intern,BlueOrbit,"Chennai, India","Work with the BlueOrbit engineering team on practical full stack intern projects. You will design, implement, test, and document features using JavaScript, React, Node.js, SQL. Collaborate with engineers through Git-based workflows, review code, debug issues, and learn production development practices. The internship includes a scoped project, mentorship, and regular technical feedback.","JavaScript, React, Node.js, SQL, Docker, Git, Spring Boot",0-1 years,Internship,,False,https://careers.example.com/internships/INT0427
INT0428,AI Engineering Intern,BrightScale,"Remote, India","Work with the BrightScale engineering team on practical ai engineering intern projects. You will design, implement, test, and document features using Python, Machine Learning, PyTorch, FastAPI. Collaborate with engineers through Git-based workflows, review code, debug issues, and learn production development practices. The internship includes a scoped project, mentorship, and regular technical feedback.","Python, Machine Learning, PyTorch, FastAPI, Docker, Git",0 years,Internship,"₹20,000/month",True,https://careers.example.com/internships/INT0428
INT0429,Frontend Engineering Intern,BlueOrbit,"Hyderabad, India","Work with the BlueOrbit engineering team on practical frontend engineering intern projects. You will design, implement, test, and document features using JavaScript, TypeScript, React, Git. Collaborate with engineers through Git-based workflows, review code, debug issues, and learn production development practices. The internship includes a scoped project, mentorship, and regular technical feedback.","JavaScript, TypeScript, React, Git, REST API",1 year,Internship,"₹30,000/month",False,https://careers.example.com/internships/INT0429
INT0430,Cloud Engineering Intern,PixelWorks,"Mumbai, India","Work with the PixelWorks engineering team on practical cloud engineering intern projects. You will design, implement, test, and document features using AWS, Docker, Linux, Git. Collaborate with engineers through Git-based workflows, review code, debug issues, and learn production development practices. The internship includes a scoped project, mentorship, and regular technical feedback.","AWS, Docker, Linux, Git, Python, REST API, Scikit-learn, Pandas",1 year,Internship,,False,https://careers.example.com/internships/INT0430
INT0431,Data Engineering Intern,BlueOrbit,"Hyderabad, India","Work with the BlueOrbit engineering team on practical data engineering intern projects. You will design, implement, test, and document features using Python, SQL, Pandas, Kafka. Collaborate with engineers through Git-based workflows, review code, debug issues, and learn production development practices. The internship includes a scoped project, mentorship, and regular technical feedback.","Python, SQL, Pandas, Kafka, AWS, Docker, Scikit-learn, Machine Learning",0 years,Internship,"₹25,000/month",False,https://careers.example.com/internships/INT0431
INT0432,DevOps Intern,NovaTech,"Hyderabad, India","Work with the NovaTech engineering team on practical devops intern projects. You will design, implement, test, and document features using Docker, Kubernetes, AWS, Linux. Collaborate with engineers through Git-based workflows, review code, debug issues, and learn production development practices. The internship includes a scoped project, mentorship, and regular technical feedback.","Docker, Kubernetes, AWS, Linux, Git, Python, Java, Node.js",0-1 years,Internship,,False,https://careers.example.com/internships/INT0432
INT0433,NLP Intern,BrightScale,"Chennai, India","Work with the BrightScale engineering team on practical nlp intern projects. You will design, implement, test, and document features using Python, NLP, Machine Learning, PyTorch. Collaborate with engineers through Git-based workflows, review code, debug issues, and learn production development practices. The internship includes a scoped project, mentorship, and regular technical feedback.","Python, NLP, Machine Learning, PyTorch, Pandas, NumPy, Docker, AWS",0-1 years,Internship,"₹30,000/month",False,https://careers.example.com/internships/INT0433
INT0434,Machine Learning Intern,CodeHarbor,"Remote, India","Work with the CodeHarbor engineering team on practical machine learning intern projects. You will design, implement, test, and document features using Python, Machine Learning, Pandas, NumPy. Collaborate with engineers through Git-based workflows, review code, debug issues, and learn production development practices. The internship includes a scoped project, mentorship, and regular technical feedback.","Python, Machine Learning, Pandas, NumPy, Scikit-learn, Git",0 years,Internship,"₹25,000/month",True,https://careers.example.com/internships/INT0434
INT0435,Backend Engineering Intern,FinEdge,"Remote, India","Work with the FinEdge engineering team on practical backend engineering intern projects. You will design, implement, test, and document features using Python, FastAPI, PostgreSQL, Docker. Collaborate with engineers through Git-based workflows, review code, debug issues, and learn production development practices. The internship includes a scoped project, mentorship, and regular technical feedback.","Python, FastAPI, PostgreSQL, Docker, REST API, Git, JavaScript",0-1 years,Internship,,True,https://careers.example.com/internships/INT0435
INT0436,Data Engineering Intern,FinEdge,"Remote, India","Work with the FinEdge engineering team on practical data engineering intern projects. You will design, implement, test, and document features using Python, SQL, Pandas, Kafka. Collaborate with engineers through Git-based workflows, review code, debug issues, and learn production development practices. The internship includes a scoped project, mentorship, and regular technical feedback.","Python, SQL, Pandas, Kafka, AWS, Docker, Machine Learning",0 years,Internship,"₹25,000/month",True,https://careers.example.com/internships/INT0436
INT0437,NLP Intern,NovaTech,"Mumbai, India","Work with the NovaTech engineering team on practical nlp intern projects. You will design, implement, test, and document features using Python, NLP, Machine Learning, PyTorch. Collaborate with engineers through Git-based workflows, review code, debug issues, and learn production development practices. The internship includes a scoped project, mentorship, and regular technical feedback.","Python, NLP, Machine Learning, PyTorch, Pandas, NumPy, Linux",1 year,Internship,"₹20,000/month",False,https://careers.example.com/internships/INT0437
INT0438,Cloud Engineering Intern,CoreVista,"Hyderabad, India","Work with the CoreVista engineering team on practical cloud engineering intern projects. You will design, implement, test, and document features using AWS, Docker, Linux, Git. Collaborate with engineers through Git-based workflows, review code, debug issues, and learn production development practices. The internship includes a scoped project, mentorship, and regular technical feedback.","AWS, Docker, Linux, Git, Python, REST API",0-1 years,Internship,"₹15,000/month",False,https://careers.example.com/internships/INT0438
INT0439,DevOps Intern,Vertex Labs,"Bengaluru, India","Work with the Vertex Labs engineering team on practical devops intern projects. You will design, implement, test, and document features using Docker, Kubernetes, AWS, Linux. Collaborate with engineers through Git-based workflows, review code, debug issues, and learn production development practices. The internship includes a scoped project, mentorship, and regular technical feedback.","Docker, Kubernetes, AWS, Linux, Git, Python, Node.js",0 years,Internship,"₹20,000/month",False,https://careers.example.com/internships/INT0439
INT0440,Data Engineering Intern,BrightScale,"Delhi NCR, India","Work with the BrightScale engineering team on practical data engineering intern projects. You will design, implement, test, and document features using Python, SQL, Pandas, Kafka. Collaborate with engineers through Git-based workflows, review code, debug issues, and learn production development practices. The internship includes a scoped project, mentorship, and regular technical feedback.","Python, SQL, Pandas, Kafka, AWS, Docker, React, Java",0 years,Internship,"₹20,000/month",False,https://careers.example.com/internships/INT0440
INT0441,Data Science Intern,CodeHarbor,"Pune, India","Work with the CodeHarbor engineering team on practical data science intern projects. You will design, implement, test, and document features using Python, Pandas, NumPy, SQL. Collaborate with engineers through Git-based workflows, review code, debug issues, and learn production development practices. The internship includes a scoped project, mentorship, and regular technical feedback.","Python, Pandas, NumPy, SQL, Scikit-learn, Machine Learning",1 year,Internship,,False,https://careers.example.com/internships/INT0441
INT0442,Machine Learning Intern,CloudNest,"Delhi NCR, India","Work with the CloudNest engineering team on practical machine learning intern projects. You will design, implement, test, and document features using Python, Machine Learning, Pandas, NumPy. Collaborate with engineers through Git-based workflows, review code, debug issues, and learn production development practices. The internship includes a scoped project, mentorship, and regular technical feedback.","Python, Machine Learning, Pandas, NumPy, Scikit-learn, Git, Docker",1 year,Internship,"₹15,000/month",False,https://careers.example.com/internships/INT0442
INT0443,Machine Learning Intern,CloudNest,"Hyderabad, India","Work with the CloudNest engineering team on practical machine learning intern projects. You will design, implement, test, and document features using Python, Machine Learning, Pandas, NumPy. Collaborate with engineers through Git-based workflows, review code, debug issues, and learn production development practices. The internship includes a scoped project, mentorship, and regular technical feedback.","Python, Machine Learning, Pandas, NumPy, Scikit-learn, Git, REST API",1 year,Internship,"₹20,000/month",False,https://careers.example.com/internships/INT0443
INT0444,Data Science Intern,CoreVista,"Hyderabad, India","Work with the CoreVista engineering team on practical data science intern projects. You will design, implement, test, and document features using Python, Pandas, NumPy, SQL. Collaborate with engineers through Git-based workflows, review code, debug issues, and learn production development practices. The internship includes a scoped project, mentorship, and regular technical feedback.","Python, Pandas, NumPy, SQL, Scikit-learn, Machine Learning",1 year,Internship,"₹30,000/month",False,https://careers.example.com/internships/INT0444
INT0445,DevOps Intern,CodeHarbor,"Chennai, India","Work with the CodeHarbor engineering team on practical devops intern projects. You will design, implement, test, and document features using Docker, Kubernetes, AWS, Linux. Collaborate with engineers through Git-based workflows, review code, debug issues, and learn production development practices. The internship includes a scoped project, mentorship, and regular technical feedback.","Docker, Kubernetes, AWS, Linux, Git, Python",0-1 years,Internship,"₹30,000/month",False,https://careers.example.com/internships/INT0445
INT0446,DevOps Intern,BrightScale,"Bengaluru, India","Work with the BrightScale engineering team on practical devops intern projects. You will design, implement, test, and document features using Docker, Kubernetes, AWS, Linux. Collaborate with engineers through Git-based workflows, review code, debug issues, and learn production development practices. The internship includes a scoped project, mentorship, and regular technical feedback.","Docker, Kubernetes, AWS, Linux, Git, Python",0-1 years,Internship,,False,https://careers.example.com/internships/INT0446
INT0447,Data Engineering Intern,QuantumStack,"Pune, India","Work with the QuantumStack engineering team on practical data engineering intern projects. You will design, implement, test, and document features using Python, SQL, Pandas, Kafka. Collaborate with engineers through Git-based workflows, review code, debug issues, and learn production development practices. The internship includes a scoped project, mentorship, and regular technical feedback.","Python, SQL, Pandas, Kafka, AWS, Docker, Node.js",1 year,Internship,"₹15,000/month",False,https://careers.example.com/internships/INT0447
INT0448,Data Engineering Intern,CoreVista,"Chennai, India","Work with the CoreVista engineering team on practical data engineering intern projects. You will design, implement, test, and document features using Python, SQL, Pandas, Kafka. Collaborate with engineers through Git-based workflows, review code, debug issues, and learn production development practices. The internship includes a scoped project, mentorship, and regular technical feedback.","Python, SQL, Pandas, Kafka, AWS, Docker",1 year,Internship,"₹25,000/month",False,https://careers.example.com/internships/INT0448
INT0449,Java Backend Intern,PixelWorks,"Mumbai, India","Work with the PixelWorks engineering team on practical java backend intern projects. You will design, implement, test, and document features using Java, Spring Boot, PostgreSQL, Docker. Collaborate with engineers through Git-based workflows, review code, debug issues, and learn production development practices. The internship includes a scoped project, mentorship, and regular technical feedback.","Java, Spring Boot, PostgreSQL, Docker, REST API, Git, Linux, JavaScript",0-1 years,Internship,"₹25,000/month",False,https://careers.example.com/internships/INT0449
INT0450,Frontend Engineering Intern,CodeHarbor,"Remote, India","Work with the CodeHarbor engineering team on practical frontend engineering intern projects. You will design, implement, test, and document features using JavaScript, TypeScript, React, Git. Collaborate with engineers through Git-based workflows, review code, debug issues, and learn production development practices. The internship includes a scoped project, mentorship, and regular technical feedback.","JavaScript, TypeScript, React, Git, REST API, Pandas",0-1 years,Internship,"₹25,000/month",True,https://careers.example.com/internships/INT0450
INT0451,Microservices Intern,NovaTech,"Remote, India","Work with the NovaTech engineering team on practical microservices intern projects. You will design, implement, test, and document features using Java, Spring Boot, Kafka, Docker. Collaborate with engineers through Git-based workflows, review code, debug issues, and learn production development practices. The internship includes a scoped project, mentorship, and regular technical feedback.","Java, Spring Boot, Kafka, Docker, Microservices, PostgreSQL",0-1 years,Internship,"₹15,000/month",True,https://careers.example.com/internships/INT0451
INT0452,Java Backend Intern,QuantumStack,"Mumbai, India","Work with the QuantumStack engineering team on practical java backend intern projects. You will design, implement, test, and document features using Java, Spring Boot, PostgreSQL, Docker. Collaborate with engineers through Git-based workflows, review code, debug issues, and learn production development practices. The internship includes a scoped project, mentorship, and regular technical feedback.","Java, Spring Boot, PostgreSQL, Docker, REST API, Git",0 years,Internship,"₹20,000/month",False,https://careers.example.com/internships/INT0452
INT0453,Microservices Intern,CloudNest,"Remote, India","Work with the CloudNest engineering team on practical microservices intern projects. You will design, implement, test, and document features using Java, Spring Boot, Kafka, Docker. Collaborate with engineers through Git-based workflows, review code, debug issues, and learn production development practices. The internship includes a scoped project, mentorship, and regular technical feedback.","Java, Spring Boot, Kafka, Docker, Microservices, PostgreSQL, Scikit-learn",0-1 years,Internship,"₹25,000/month",True,https://careers.example.com/internships/INT0453
INT0454,Java Backend Intern,BrightScale,"Remote, India","Work with the BrightScale engineering team on practical java backend intern projects. You will design, implement, test, and document features using Java, Spring Boot, PostgreSQL, Docker. Collaborate with engineers through Git-based workflows, review code, debug issues, and learn production development practices. The internship includes a scoped project, mentorship, and regular technical feedback.","Java, Spring Boot, PostgreSQL, Docker, REST API, Git, Kafka",0-1 years,Internship,"₹25,000/month",True,https://careers.example.com/internships/INT0454
INT0455,Data Engineering Intern,BrightScale,"Remote, India","Work with the BrightScale engineering team on practical data engineering intern projects. You will design, implement, test, and document features using Python, SQL, Pandas, Kafka. Collaborate with engineers through Git-based workflows, review code, debug issues, and learn production development practices. The internship includes a scoped project, mentorship, and regular technical feedback.","Python, SQL, Pandas, Kafka, AWS, Docker, Scikit-learn, REST API",0 years,Internship,"₹15,000/month",True,https://careers.example.com/internships/INT0455
INT0456,Data Science Intern,BlueOrbit,"Delhi NCR, India","Work with the BlueOrbit engineering team on practical data science intern projects. You will design, implement, test, and document features using Python, Pandas, NumPy, SQL. Collaborate with engineers through Git-based workflows, review code, debug issues, and learn production development practices. The internship includes a scoped project, mentorship, and regular technical feedback.","Python, Pandas, NumPy, SQL, Scikit-learn, Machine Learning, Git",1 year,Internship,"₹30,000/month",False,https://careers.example.com/internships/INT0456
INT0457,Backend Engineering Intern,CoreVista,"Bengaluru, India","Work with the CoreVista engineering team on practical backend engineering intern projects. You will design, implement, test, and document features using Python, FastAPI, PostgreSQL, Docker. Collaborate with engineers through Git-based workflows, review code, debug issues, and learn production development practices. The internship includes a scoped project, mentorship, and regular technical feedback.","Python, FastAPI, PostgreSQL, Docker, REST API, Git",0-1 years,Internship,"₹20,000/month",False,https://careers.example.com/internships/INT0457
INT0458,DevOps Intern,Aster Systems,"Chennai, India","Work with the Aster Systems engineering team on practical devops intern projects. You will design, implement, test, and document features using Docker, Kubernetes, AWS, Linux. Collaborate with engineers through Git-based workflows, review code, debug issues, and learn production development practices. The internship includes a scoped project, mentorship, and regular technical feedback.","Docker, Kubernetes, AWS, Linux, Git, Python",0 years,Internship,"₹15,000/month",False,https://careers.example.com/internships/INT0458
INT0459,Full Stack Intern,BlueOrbit,"Hyderabad, India","Work with the BlueOrbit engineering team on practical full stack intern projects. You will design, implement, test, and document features using JavaScript, React, Node.js, SQL. Collaborate with engineers through Git-based workflows, review code, debug issues, and learn production development practices. The internship includes a scoped project, mentorship, and regular technical feedback.","JavaScript, React, Node.js, SQL, Docker, Git, REST API",1 year,Internship,"₹20,000/month",False,https://careers.example.com/internships/INT0459
INT0460,Java Backend Intern,CodeHarbor,"Mumbai, India","Work with the CodeHarbor engineering team on practical java backend intern projects. You will design, implement, test, and document features using Java, Spring Boot, PostgreSQL, Docker. Collaborate with engineers through Git-based workflows, review code, debug issues, and learn production development practices. The internship includes a scoped project, mentorship, and regular technical feedback.","Java, Spring Boot, PostgreSQL, Docker, REST API, Git, FastAPI, Python",0-1 years,Internship,"₹20,000/month",False,https://careers.example.com/internships/INT0460
INT0461,Microservices Intern,CodeHarbor,"Hyderabad, India","Work with the CodeHarbor engineering team on practical microservices intern projects. You will design, implement, test, and document features using Java, Spring Boot, Kafka, Docker. Collaborate with engineers through Git-based workflows, review code, debug issues, and learn production development practices. The internship includes a scoped project, mentorship, and regular technical feedback.","Java, Spring Boot, Kafka, Docker, Microservices, PostgreSQL, NumPy, SQL",0 years,Internship,"₹15,000/month",False,https://careers.example.com/internships/INT0461
INT0462,Machine Learning Intern,CodeHarbor,"Pune, India","Work with the CodeHarbor engineering team on practical machine learning intern projects. You will design, implement, test, and document features using Python, Machine Learning, Pandas, NumPy. Collaborate with engineers through Git-based workflows, review code, debug issues, and learn production development practices. The internship includes a scoped project, mentorship, and regular technical feedback.","Python, Machine Learning, Pandas, NumPy, Scikit-learn, Git",0-1 years,Internship,"₹25,000/month",False,https://careers.example.com/internships/INT0462
INT0463,Machine Learning Intern,CloudNest,"Hyderabad, India","Work with the CloudNest engineering team on practical machine learning intern projects. You will design, implement, test, and document features using Python, Machine Learning, Pandas, NumPy. Collaborate with engineers through Git-based workflows, review code, debug issues, and learn production development practices. The internship includes a scoped project, mentorship, and regular technical feedback.","Python, Machine Learning, Pandas, NumPy, Scikit-learn, Git",1 year,Internship,,False,https://careers.example.com/internships/INT0463
INT0464,AI Engineering Intern,CoreVista,"Remote, India","Work with the CoreVista engineering team on practical ai engineering intern projects. You will design, implement, test, and document features using Python, Machine Learning, PyTorch, FastAPI. Collaborate with engineers through Git-based workflows, review code, debug issues, and learn production development practices. The internship includes a scoped project, mentorship, and regular technical feedback.","Python, Machine Learning, PyTorch, FastAPI, Docker, Git, AWS, React",1 year,Internship,"₹25,000/month",True,https://careers.example.com/internships/INT0464
INT0465,Data Science Intern,Aster Systems,"Pune, India","Work with the Aster Systems engineering team on practical data science intern projects. You will design, implement, test, and document features using Python, Pandas, NumPy, SQL. Collaborate with engineers through Git-based workflows, review code, debug issues, and learn production development practices. The internship includes a scoped project, mentorship, and regular technical feedback.","Python, Pandas, NumPy, SQL, Scikit-learn, Machine Learning, Java, NLP",1 year,Internship,"₹15,000/month",False,https://careers.example.com/internships/INT0465
INT0466,Data Science Intern,Vertex Labs,"Remote, India","Work with the Vertex Labs engineering team on practical data science intern projects. You will design, implement, test, and document features using Python, Pandas, NumPy, SQL. Collaborate with engineers through Git-based workflows, review code, debug issues, and learn production development practices. The internship includes a scoped project, mentorship, and regular technical feedback.","Python, Pandas, NumPy, SQL, Scikit-learn, Machine Learning, Linux",1 year,Internship,,True,https://careers.example.com/internships/INT0466
INT0467,Java Backend Intern,DataForge,"Remote, India","Work with the DataForge engineering team on practical java backend intern projects. You will design, implement, test, and document features using Java, Spring Boot, PostgreSQL, Docker. Collaborate with engineers through Git-based workflows, review code, debug issues, and learn production development practices. The internship includes a scoped project, mentorship, and regular technical feedback.","Java, Spring Boot, PostgreSQL, Docker, REST API, Git, Python, Kubernetes",1 year,Internship,"₹30,000/month",True,https://careers.example.com/internships/INT0467
INT0468,Full Stack Intern,QuantumStack,"Bengaluru, India","Work with the QuantumStack engineering team on practical full stack intern projects. You will design, implement, test, and document features using JavaScript, React, Node.js, SQL. Collaborate with engineers through Git-based workflows, review code, debug issues, and learn production development practices. The internship includes a scoped project, mentorship, and regular technical feedback.","JavaScript, React, Node.js, SQL, Docker, Git, Python, NumPy",0 years,Internship,,False,https://careers.example.com/internships/INT0468
INT0469,Java Backend Intern,CloudNest,"Remote, India","Work with the CloudNest engineering team on practical java backend intern projects. You will design, implement, test, and document features using Java, Spring Boot, PostgreSQL, Docker. Collaborate with engineers through Git-based workflows, review code, debug issues, and learn production development practices. The internship includes a scoped project, mentorship, and regular technical feedback.","Java, Spring Boot, PostgreSQL, Docker, REST API, Git",0 years,Internship,"₹30,000/month",True,https://careers.example.com/internships/INT0469
INT0470,NLP Intern,CoreVista,"Mumbai, India","Work with the CoreVista engineering team on practical nlp intern projects. You will design, implement, test, and document features using Python, NLP, Machine Learning, PyTorch. Collaborate with engineers through Git-based workflows, review code, debug issues, and learn production development practices. The internship includes a scoped project, mentorship, and regular technical feedback.","Python, NLP, Machine Learning, PyTorch, Pandas, NumPy, Spring Boot",0-1 years,Internship,"₹30,000/month",False,https://careers.example.com/internships/INT0470
INT0471,Java Backend Intern,BlueOrbit,"Remote, India","Work with the BlueOrbit engineering team on practical java backend intern projects. You will design, implement, test, and document features using Java, Spring Boot, PostgreSQL, Docker. Collaborate with engineers through Git-based workflows, review code, debug issues, and learn production development practices. The internship includes a scoped project, mentorship, and regular technical feedback.","Java, Spring Boot, PostgreSQL, Docker, REST API, Git, Machine Learning, Python",0-1 years,Internship,"₹15,000/month",True,https://careers.example.com/internships/INT0471
INT0472,NLP Intern,BlueOrbit,"Mumbai, India","Work with the BlueOrbit engineering team on practical nlp intern projects. You will design, implement, test, and document features using Python, NLP, Machine Learning, PyTorch. Collaborate with engineers through Git-based workflows, review code, debug issues, and learn production development practices. The internship includes a scoped project, mentorship, and regular technical feedback.","Python, NLP, Machine Learning, PyTorch, Pandas, NumPy",1 year,Internship,"₹15,000/month",False,https://careers.example.com/internships/INT0472
INT0473,Frontend Engineering Intern,Aster Systems,"Remote, India","Work with the Aster Systems engineering team on practical frontend engineering intern projects. You will design, implement, test, and document features using JavaScript, TypeScript, React, Git. Collaborate with engineers through Git-based workflows, review code, debug issues, and learn production development practices. The internship includes a scoped project, mentorship, and regular technical feedback.","JavaScript, TypeScript, React, Git, REST API, Kubernetes, Microservices",0 years,Internship,"₹30,000/month",True,https://careers.example.com/internships/INT0473
INT0474,Java Backend Intern,CodeHarbor,"Remote, India","Work with the CodeHarbor engineering team on practical java backend intern projects. You will design, implement, test, and document features using Java, Spring Boot, PostgreSQL, Docker. Collaborate with engineers through Git-based workflows, review code, debug issues, and learn production development practices. The internship includes a scoped project, mentorship, and regular technical feedback.","Java, Spring Boot, PostgreSQL, Docker, REST API, Git, Python",1 year,Internship,"₹20,000/month",True,https://careers.example.com/internships/INT0474
INT0475,Java Backend Intern,CoreVista,"Remote, India","Work with the CoreVista engineering team on practical java backend intern projects. You will design, implement, test, and document features using Java, Spring Boot, PostgreSQL, Docker. Collaborate with engineers through Git-based workflows, review code, debug issues, and learn production development practices. The internship includes a scoped project, mentorship, and regular technical feedback.","Java, Spring Boot, PostgreSQL, Docker, REST API, Git",0 years,Internship,"₹20,000/month",True,https://careers.example.com/internships/INT0475
INT0476,DevOps Intern,FinEdge,"Chennai, India","Work with the FinEdge engineering team on practical devops intern projects. You will design, implement, test, and document features using Docker, Kubernetes, AWS, Linux. Collaborate with engineers through Git-based workflows, review code, debug issues, and learn production development practices. The internship includes a scoped project, mentorship, and regular technical feedback.","Docker, Kubernetes, AWS, Linux, Git, Python, Java",0-1 years,Internship,"₹20,000/month",False,https://careers.example.com/internships/INT0476
INT0477,Full Stack Intern,CoreVista,"Pune, India","Work with the CoreVista engineering team on practical full stack intern projects. You will design, implement, test, and document features using JavaScript, React, Node.js, SQL. Collaborate with engineers through Git-based workflows, review code, debug issues, and learn production development practices. The internship includes a scoped project, mentorship, and regular technical feedback.","JavaScript, React, Node.js, SQL, Docker, Git",1 year,Internship,"₹15,000/month",False,https://careers.example.com/internships/INT0477
INT0478,Backend Engineering Intern,CloudNest,"Pune, India","Work with the CloudNest engineering team on practical backend engineering intern projects. You will design, implement, test, and document features using Python, FastAPI, PostgreSQL, Docker. Collaborate with engineers through Git-based workflows, review code, debug issues, and learn production development practices. The internship includes a scoped project, mentorship, and regular technical feedback.","Python, FastAPI, PostgreSQL, Docker, REST API, Git, NumPy",1 year,Internship,,False,https://careers.example.com/internships/INT0478
INT0479,Microservices Intern,QuantumStack,"Pune, India","Work with the QuantumStack engineering team on practical microservices intern projects. You will design, implement, test, and document features using Java, Spring Boot, Kafka, Docker. Collaborate with engineers through Git-based workflows, review code, debug issues, and learn production development practices. The internship includes a scoped project, mentorship, and regular technical feedback.","Java, Spring Boot, Kafka, Docker, Microservices, PostgreSQL",0 years,Internship,"₹30,000/month",False,https://careers.example.com/internships/INT0479
INT0480,AI Engineering Intern,DataForge,"Remote, India","Work with the DataForge engineering team on practical ai engineering intern projects. You will design, implement, test, and document features using Python, Machine Learning, PyTorch, FastAPI. Collaborate with engineers through Git-based workflows, review code, debug issues, and learn production development practices. The internship includes a scoped project, mentorship, and regular technical feedback.","Python, Machine Learning, PyTorch, FastAPI, Docker, Git",0 years,Internship,,True,https://careers.example.com/internships/INT0480
INT0481,Microservices Intern,CoreVista,"Bengaluru, India","Work with the CoreVista engineering team on practical microservices intern projects. You will design, implement, test, and document features using Java, Spring Boot, Kafka, Docker. Collaborate with engineers through Git-based workflows, review code, debug issues, and learn production development practices. The internship includes a scoped project, mentorship, and regular technical feedback.","Java, Spring Boot, Kafka, Docker, Microservices, PostgreSQL, Machine Learning, NumPy",0 years,Internship,"₹20,000/month",False,https://careers.example.com/internships/INT0481
INT0482,Backend Engineering Intern,PixelWorks,"Hyderabad, India","Work with the PixelWorks engineering team on practical backend engineering intern projects. You will design, implement, test, and document features using Python, FastAPI, PostgreSQL, Docker. Collaborate with engineers through Git-based workflows, review code, debug issues, and learn production development practices. The internship includes a scoped project, mentorship, and regular technical feedback.","Python, FastAPI, PostgreSQL, Docker, REST API, Git, NLP",0 years,Internship,,False,https://careers.example.com/internships/INT0482
INT0483,Data Engineering Intern,Aster Systems,"Mumbai, India","Work with the Aster Systems engineering team on practical data engineering intern projects. You will design, implement, test, and document features using Python, SQL, Pandas, Kafka. Collaborate with engineers through Git-based workflows, review code, debug issues, and learn production development practices. The internship includes a scoped project, mentorship, and regular technical feedback.","Python, SQL, Pandas, Kafka, AWS, Docker, Microservices, Git",1 year,Internship,"₹25,000/month",False,https://careers.example.com/internships/INT0483
INT0484,Frontend Engineering Intern,CodeHarbor,"Delhi NCR, India","Work with the CodeHarbor engineering team on practical frontend engineering intern projects. You will design, implement, test, and document features using JavaScript, TypeScript, React, Git. Collaborate with engineers through Git-based workflows, review code, debug issues, and learn production development practices. The internship includes a scoped project, mentorship, and regular technical feedback.","JavaScript, TypeScript, React, Git, REST API",1 year,Internship,"₹15,000/month",False,https://careers.example.com/internships/INT0484
INT0485,Machine Learning Intern,FinEdge,"Mumbai, India","Work with the FinEdge engineering team on practical machine learning intern projects. You will design, implement, test, and document features using Python, Machine Learning, Pandas, NumPy. Collaborate with engineers through Git-based workflows, review code, debug issues, and learn production development practices. The internship includes a scoped project, mentorship, and regular technical feedback.","Python, Machine Learning, Pandas, NumPy, Scikit-learn, Git",0 years,Internship,"₹30,000/month",False,https://careers.example.com/internships/INT0485
INT0486,Frontend Engineering Intern,Vertex Labs,"Bengaluru, India","Work with the Vertex Labs engineering team on practical frontend engineering intern projects. You will design, implement, test, and document features using JavaScript, TypeScript, React, Git. Collaborate with engineers through Git-based workflows, review code, debug issues, and learn production development practices. The internship includes a scoped project, mentorship, and regular technical feedback.","JavaScript, TypeScript, React, Git, REST API, SQL",0-1 years,Internship,"₹20,000/month",False,https://careers.example.com/internships/INT0486
INT0487,Frontend Engineering Intern,CoreVista,"Mumbai, India","Work with the CoreVista engineering team on practical frontend engineering intern projects. You will design, implement, test, and document features using JavaScript, TypeScript, React, Git. Collaborate with engineers through Git-based workflows, review code, debug issues, and learn production development practices. The internship includes a scoped project, mentorship, and regular technical feedback.","JavaScript, TypeScript, React, Git, REST API, Pandas, Node.js",0-1 years,Internship,,False,https://careers.example.com/internships/INT0487
INT0488,DevOps Intern,CoreVista,"Hyderabad, India","Work with the CoreVista engineering team on practical devops intern projects. You will design, implement, test, and document features using Docker, Kubernetes, AWS, Linux. Collaborate with engineers through Git-based workflows, review code, debug issues, and learn production development practices. The internship includes a scoped project, mentorship, and regular technical feedback.","Docker, Kubernetes, AWS, Linux, Git, Python",0 years,Internship,"₹15,000/month",False,https://careers.example.com/internships/INT0488
INT0489,Cloud Engineering Intern,Aster Systems,"Chennai, India","Work with the Aster Systems engineering team on practical cloud engineering intern projects. You will design, implement, test, and document features using AWS, Docker, Linux, Git. Collaborate with engineers through Git-based workflows, review code, debug issues, and learn production development practices. The internship includes a scoped project, mentorship, and regular technical feedback.","AWS, Docker, Linux, Git, Python, REST API",1 year,Internship,"₹15,000/month",False,https://careers.example.com/internships/INT0489
INT0490,Full Stack Intern,BrightScale,"Chennai, India","Work with the BrightScale engineering team on practical full stack intern projects. You will design, implement, test, and document features using JavaScript, React, Node.js, SQL. Collaborate with engineers through Git-based workflows, review code, debug issues, and learn production development practices. The internship includes a scoped project, mentorship, and regular technical feedback.","JavaScript, React, Node.js, SQL, Docker, Git",1 year,Internship,"₹25,000/month",False,https://careers.example.com/internships/INT0490
INT0491,Java Backend Intern,FinEdge,"Mumbai, India","Work with the FinEdge engineering team on practical java backend intern projects. You will design, implement, test, and document features using Java, Spring Boot, PostgreSQL, Docker. Collaborate with engineers through Git-based workflows, review code, debug issues, and learn production development practices. The internship includes a scoped project, mentorship, and regular technical feedback.","Java, Spring Boot, PostgreSQL, Docker, REST API, Git",0-1 years,Internship,"₹15,000/month",False,https://careers.example.com/internships/INT0491
INT0492,Machine Learning Intern,NovaTech,"Delhi NCR, India","Work with the NovaTech engineering team on practical machine learning intern projects. You will design, implement, test, and document features using Python, Machine Learning, Pandas, NumPy. Collaborate with engineers through Git-based workflows, review code, debug issues, and learn production development practices. The internship includes a scoped project, mentorship, and regular technical feedback.","Python, Machine Learning, Pandas, NumPy, Scikit-learn, Git, SQL, Spring Boot",0-1 years,Internship,"₹25,000/month",False,https://careers.example.com/internships/INT0492
INT0493,DevOps Intern,Vertex Labs,"Chennai, India","Work with the Vertex Labs engineering team on practical devops intern projects. You will design, implement, test, and document features using Docker, Kubernetes, AWS, Linux. Collaborate with engineers through Git-based workflows, review code, debug issues, and learn production development practices. The internship includes a scoped project, mentorship, and regular technical feedback.","Docker, Kubernetes, AWS, Linux, Git, Python, PostgreSQL",0-1 years,Internship,"₹15,000/month",False,https://careers.example.com/internships/INT0493
INT0494,AI Engineering Intern,BrightScale,"Hyderabad, India","Work with the BrightScale engineering team on practical ai engineering intern projects. You will design, implement, test, and document features using Python, Machine Learning, PyTorch, FastAPI. Collaborate with engineers through Git-based workflows, review code, debug issues, and learn production development practices. The internship includes a scoped project, mentorship, and regular technical feedback.","Python, Machine Learning, PyTorch, FastAPI, Docker, Git, Spring Boot, NLP",0-1 years,Internship,"₹25,000/month",False,https://careers.example.com/internships/INT0494
INT0495,Full Stack Intern,CoreVista,"Mumbai, India","Work with the CoreVista engineering team on practical full stack intern projects. You will design, implement, test, and document features using JavaScript, React, Node.js, SQL. Collaborate with engineers through Git-based workflows, review code, debug issues, and learn production development practices. The internship includes a scoped project, mentorship, and regular technical feedback.","JavaScript, React, Node.js, SQL, Docker, Git, Pandas",0-1 years,Internship,"₹20,000/month",False,https://careers.example.com/internships/INT0495
INT0496,Java Backend Intern,BlueOrbit,"Delhi NCR, India","Work with the BlueOrbit engineering team on practical java backend intern projects. You will design, implement, test, and document features using Java, Spring Boot, PostgreSQL, Docker. Collaborate with engineers through Git-based workflows, review code, debug issues, and learn production development practices. The internship includes a scoped project, mentorship, and regular technical feedback.","Java, Spring Boot, PostgreSQL, Docker, REST API, Git",0 years,Internship,"₹20,000/month",False,https://careers.example.com/internships/INT0496
INT0497,Java Backend Intern,QuantumStack,"Mumbai, India","Work with the QuantumStack engineering team on practical java backend intern projects. You will design, implement, test, and document features using Java, Spring Boot, PostgreSQL, Docker. Collaborate with engineers through Git-based workflows, review code, debug issues, and learn production development practices. The internship includes a scoped project, mentorship, and regular technical feedback.","Java, Spring Boot, PostgreSQL, Docker, REST API, Git",0 years,Internship,,False,https://careers.example.com/internships/INT0497
INT0498,Full Stack Intern,QuantumStack,"Remote, India","Work with the QuantumStack engineering team on practical full stack intern projects. You will design, implement, test, and document features using JavaScript, React, Node.js, SQL. Collaborate with engineers through Git-based workflows, review code, debug issues, and learn production development practices. The internship includes a scoped project, mentorship, and regular technical feedback.","JavaScript, React, Node.js, SQL, Docker, Git",0-1 years,Internship,"₹15,000/month",True,https://careers.example.com/internships/INT0498
INT0499,Java Backend Intern,BrightScale,"Remote, India","Work with the BrightScale engineering team on practical java backend intern projects. You will design, implement, test, and document features using Java, Spring Boot, PostgreSQL, Docker. Collaborate with engineers through Git-based workflows, review code, debug issues, and learn production development practices. The internship includes a scoped project, mentorship, and regular technical feedback.","Java, Spring Boot, PostgreSQL, Docker, REST API, Git",1 year,Internship,,True,https://careers.example.com/internships/INT0499
INT0500,Backend Engineering Intern,DataForge,"Remote, India","Work with the DataForge engineering team on practical backend engineering intern projects. You will design, implement, test, and document features using Python, FastAPI, PostgreSQL, Docker. Collaborate with engineers through Git-based workflows, review code, debug issues, and learn production development practices. The internship includes a scoped project, mentorship, and regular technical feedback.","Python, FastAPI, PostgreSQL, Docker, REST API, Git",1 year,Internship,"₹20,000/month",True,https://careers.example.com/internships/INT0500
INT0501,Full Stack Intern,NovaTech,"Pune, India","Work with the NovaTech engineering team on practical full stack intern projects. You will design, implement, test, and document features using JavaScript, React, Node.js, SQL. Collaborate with engineers through Git-based workflows, review code, debug issues, and learn production development practices. The internship includes a scoped project, mentorship, and regular technical feedback.","JavaScript, React, Node.js, SQL, Docker, Git, Pandas",0 years,Internship,"₹15,000/month",False,https://careers.example.com/internships/INT0501
INT0502,Cloud Engineering Intern,CoreVista,"Bengaluru, India","Work with the CoreVista engineering team on practical cloud engineering intern projects. You will design, implement, test, and document features using AWS, Docker, Linux, Git. Collaborate with engineers through Git-based workflows, review code, debug issues, and learn production development practices. The internship includes a scoped project, mentorship, and regular technical feedback.","AWS, Docker, Linux, Git, Python, REST API, SQL",0-1 years,Internship,"₹15,000/month",False,https://careers.example.com/internships/INT0502
INT0503,Machine Learning Intern,NovaTech,"Remote, India","Work with the NovaTech engineering team on practical machine learning intern projects. You will design, implement, test, and document features using Python, Machine Learning, Pandas, NumPy. Collaborate with engineers through Git-based workflows, review code, debug issues, and learn production development practices. The internship includes a scoped project, mentorship, and regular technical feedback.","Python, Machine Learning, Pandas, NumPy, Scikit-learn, Git",0 years,Internship,"₹20,000/month",True,https://careers.example.com/internships/INT0503
INT0504,Data Science Intern,BrightScale,"Chennai, India","Work with the BrightScale engineering team on practical data science intern projects. You will design, implement, test, and document features using Python, Pandas, NumPy, SQL. Collaborate with engineers through Git-based workflows, review code, debug issues, and learn production development practices. The internship includes a scoped project, mentorship, and regular technical feedback.","Python, Pandas, NumPy, SQL, Scikit-learn, Machine Learning, Docker",0 years,Internship,,False,https://careers.example.com/internships/INT0504
INT0505,AI Engineering Intern,NovaTech,"Hyderabad, India","Work with the NovaTech engineering team on practical ai engineering intern projects. You will design, implement, test, and document features using Python, Machine Learning, PyTorch, FastAPI. Collaborate with engineers through Git-based workflows, review code, debug issues, and learn production development practices. The internship includes a scoped project, mentorship, and regular technical feedback.","Python, Machine Learning, PyTorch, FastAPI, Docker, Git, PostgreSQL",1 year,Internship,"₹30,000/month",False,https://careers.example.com/internships/INT0505
INT0506,Machine Learning Intern,DataForge,"Remote, India","Work with the DataForge engineering team on practical machine learning intern projects. You will design, implement, test, and document features using Python, Machine Learning, Pandas, NumPy. Collaborate with engineers through Git-based workflows, review code, debug issues, and learn production development practices. The internship includes a scoped project, mentorship, and regular technical feedback.","Python, Machine Learning, Pandas, NumPy, Scikit-learn, Git",0-1 years,Internship,"₹15,000/month",True,https://careers.example.com/internships/INT0506
INT0507,Machine Learning Intern,QuantumStack,"Remote, India","Work with the QuantumStack engineering team on practical machine learning intern projects. You will design, implement, test, and document features using Python, Machine Learning, Pandas, NumPy. Collaborate with engineers through Git-based workflows, review code, debug issues, and learn production development practices. The internship includes a scoped project, mentorship, and regular technical feedback.","Python, Machine Learning, Pandas, NumPy, Scikit-learn, Git, NLP, AWS",1 year,Internship,"₹30,000/month",True,https://careers.example.com/internships/INT0507
INT0508,Machine Learning Intern,BlueOrbit,"Remote, India","Work with the BlueOrbit engineering team on practical machine learning intern projects. You will design, implement, test, and document features using Python, Machine Learning, Pandas, NumPy. Collaborate with engineers through Git-based workflows, review code, debug issues, and learn production development practices. The internship includes a scoped project, mentorship, and regular technical feedback.","Python, Machine Learning, Pandas, NumPy, Scikit-learn, Git, REST API",0-1 years,Internship,"₹20,000/month",True,https://careers.example.com/internships/INT0508
INT0509,Backend Engineering Intern,QuantumStack,"Delhi NCR, India","Work with the QuantumStack engineering team on practical backend engineering intern projects. You will design, implement, test, and document features using Python, FastAPI, PostgreSQL, Docker. Collaborate with engineers through Git-based workflows, review code, debug issues, and learn production development practices. The internship includes a scoped project, mentorship, and regular technical feedback.","Python, FastAPI, PostgreSQL, Docker, REST API, Git, React, AWS",0-1 years,Internship,"₹15,000/month",False,https://careers.example.com/internships/INT0509
INT0510,Java Backend Intern,BlueOrbit,"Chennai, India","Work with the BlueOrbit engineering team on practical java backend intern projects. You will design, implement, test, and document features using Java, Spring Boot, PostgreSQL, Docker. Collaborate with engineers through Git-based workflows, review code, debug issues, and learn production development practices. The internship includes a scoped project, mentorship, and regular technical feedback.","Java, Spring Boot, PostgreSQL, Docker, REST API, Git, AWS",1 year,Internship,"₹20,000/month",False,https://careers.example.com/internships/INT0510
INT0511,Microservices Intern,PixelWorks,"Pune, India","Work with the PixelWorks engineering team on practical microservices intern projects. You will design, implement, test, and document features using Java, Spring Boot, Kafka, Docker. Collaborate with engineers through Git-based workflows, review code, debug issues, and learn production development practices. The internship includes a scoped project, mentorship, and regular technical feedback.","Java, Spring Boot, Kafka, Docker, Microservices, PostgreSQL, SQL, FastAPI",0-1 years,Internship,,False,https://careers.example.com/internships/INT0511
INT0512,DevOps Intern,FinEdge,"Pune, India","Work with the FinEdge engineering team on practical devops intern projects. You will design, implement, test, and document features using Docker, Kubernetes, AWS, Linux. Collaborate with engineers through Git-based workflows, review code, debug issues, and learn production development practices. The internship includes a scoped project, mentorship, and regular technical feedback.","Docker, Kubernetes, AWS, Linux, Git, Python, Microservices",0 years,Internship,"₹15,000/month",False,https://careers.example.com/internships/INT0512
INT0513,Full Stack Intern,CloudNest,"Remote, India","Work with the CloudNest engineering team on practical full stack intern projects. You will design, implement, test, and document features using JavaScript, React, Node.js, SQL. Collaborate with engineers through Git-based workflows, review code, debug issues, and learn production development practices. The internship includes a scoped project, mentorship, and regular technical feedback.","JavaScript, React, Node.js, SQL, Docker, Git, Pandas, FastAPI",0-1 years,Internship,,True,https://careers.example.com/internships/INT0513
INT0514,Full Stack Intern,Vertex Labs,"Remote, India","Work with the Vertex Labs engineering team on practical full stack intern projects. You will design, implement, test, and document features using JavaScript, React, Node.js, SQL. Collaborate with engineers through Git-based workflows, review code, debug issues, and learn production development practices. The internship includes a scoped project, mentorship, and regular technical feedback.","JavaScript, React, Node.js, SQL, Docker, Git, Pandas",0 years,Internship,"₹25,000/month",True,https://careers.example.com/internships/INT0514
INT0515,NLP Intern,Aster Systems,"Mumbai, India","Work with the Aster Systems engineering team on practical nlp intern projects. You will design, implement, test, and document features using Python, NLP, Machine Learning, PyTorch. Collaborate with engineers through Git-based workflows, review code, debug issues, and learn production development practices. The internship includes a scoped project, mentorship, and regular technical feedback.","Python, NLP, Machine Learning, PyTorch, Pandas, NumPy, REST API, Docker",0-1 years,Internship,"₹20,000/month",False,https://careers.example.com/internships/INT0515
INT0516,Machine Learning Intern,CodeHarbor,"Remote, India","Work with the CodeHarbor engineering team on practical machine learning intern projects. You will design, implement, test, and document features using Python, Machine Learning, Pandas, NumPy. Collaborate with engineers through Git-based workflows, review code, debug issues, and learn production development practices. The internship includes a scoped project, mentorship, and regular technical feedback.","Python, Machine Learning, Pandas, NumPy, Scikit-learn, Git",1 year,Internship,"₹25,000/month",True,https://careers.example.com/internships/INT0516
INT0517,AI Engineering Intern,CoreVista,"Delhi NCR, India","Work with the CoreVista engineering team on practical ai engineering intern projects. You will design, implement, test, and document features using Python, Machine Learning, PyTorch, FastAPI. Collaborate with engineers through Git-based workflows, review code, debug issues, and learn production development practices. The internship includes a scoped project, mentorship, and regular technical feedback.","Python, Machine Learning, PyTorch, FastAPI, Docker, Git",1 year,Internship,"₹20,000/month",False,https://careers.example.com/internships/INT0517
INT0518,AI Engineering Intern,QuantumStack,"Hyderabad, India","Work with the QuantumStack engineering team on practical ai engineering intern projects. You will design, implement, test, and document features using Python, Machine Learning, PyTorch, FastAPI. Collaborate with engineers through Git-based workflows, review code, debug issues, and learn production development practices. The internship includes a scoped project, mentorship, and regular technical feedback.","Python, Machine Learning, PyTorch, FastAPI, Docker, Git",0-1 years,Internship,"₹15,000/month",False,https://careers.example.com/internships/INT0518
INT0519,Java Backend Intern,Aster Systems,"Bengaluru, India","Work with the Aster Systems engineering team on practical java backend intern projects. You will design, implement, test, and document features using Java, Spring Boot, PostgreSQL, Docker. Collaborate with engineers through Git-based workflows, review code, debug issues, and learn production development practices. The internship includes a scoped project, mentorship, and regular technical feedback.","Java, Spring Boot, PostgreSQL, Docker, REST API, Git",1 year,Internship,"₹30,000/month",False,https://careers.example.com/internships/INT0519
INT0520,Backend Engineering Intern,BlueOrbit,"Hyderabad, India","Work with the BlueOrbit engineering team on practical backend engineering intern projects. You will design, implement, test, and document features using Python, FastAPI, PostgreSQL, Docker. Collaborate with engineers through Git-based workflows, review code, debug issues, and learn production development practices. The internship includes a scoped project, mentorship, and regular technical feedback.","Python, FastAPI, PostgreSQL, Docker, REST API, Git, TypeScript",0-1 years,Internship,"₹15,000/month",False,https://careers.example.com/internships/INT0520
INT0521,Backend Engineering Intern,CodeHarbor,"Hyderabad, India","Work with the CodeHarbor engineering team on practical backend engineering intern projects. You will design, implement, test, and document features using Python, FastAPI, PostgreSQL, Docker. Collaborate with engineers through Git-based workflows, review code, debug issues, and learn production development practices. The internship includes a scoped project, mentorship, and regular technical feedback.","Python, FastAPI, PostgreSQL, Docker, REST API, Git",0 years,Internship,,False,https://careers.example.com/internships/INT0521
INT0522,Full Stack Intern,DataForge,"Chennai, India","Work with the DataForge engineering team on practical full stack intern projects. You will design, implement, test, and document features using JavaScript, React, Node.js, SQL. Collaborate with engineers through Git-based workflows, review code, debug issues, and learn production development practices. The internship includes a scoped project, mentorship, and regular technical feedback.","JavaScript, React, Node.js, SQL, Docker, Git",0-1 years,Internship,,False,https://careers.example.com/internships/INT0522
INT0523,Java Backend Intern,DataForge,"Remote, India","Work with the DataForge engineering team on practical java backend intern projects. You will design, implement, test, and document features using Java, Spring Boot, PostgreSQL, Docker. Collaborate with engineers through Git-based workflows, review code, debug issues, and learn production development practices. The internship includes a scoped project, mentorship, and regular technical feedback.","Java, Spring Boot, PostgreSQL, Docker, REST API, Git, SQL",0 years,Internship,"₹30,000/month",True,https://careers.example.com/internships/INT0523
INT0524,Microservices Intern,DataForge,"Remote, India","Work with the DataForge engineering team on practical microservices intern projects. You will design, implement, test, and document features using Java, Spring Boot, Kafka, Docker. Collaborate with engineers through Git-based workflows, review code, debug issues, and learn production development practices. The internship includes a scoped project, mentorship, and regular technical feedback.","Java, Spring Boot, Kafka, Docker, Microservices, PostgreSQL, PyTorch",1 year,Internship,,True,https://careers.example.com/internships/INT0524
INT0525,Full Stack Intern,BrightScale,"Hyderabad, India","Work with the BrightScale engineering team on practical full stack intern projects. You will design, implement, test, and document features using JavaScript, React, Node.js, SQL. Collaborate with engineers through Git-based workflows, review code, debug issues, and learn production development practices. The internship includes a scoped project, mentorship, and regular technical feedback.","JavaScript, React, Node.js, SQL, Docker, Git",0-1 years,Internship,"₹25,000/month",False,https://careers.example.com/internships/INT0525
INT0526,Data Engineering Intern,BlueOrbit,"Chennai, India","Work with the BlueOrbit engineering team on practical data engineering intern projects. You will design, implement, test, and document features using Python, SQL, Pandas, Kafka. Collaborate with engineers through Git-based workflows, review code, debug issues, and learn production development practices. The internship includes a scoped project, mentorship, and regular technical feedback.","Python, SQL, Pandas, Kafka, AWS, Docker, React, Git",1 year,Internship,"₹30,000/month",False,https://careers.example.com/internships/INT0526
INT0527,AI Engineering Intern,BlueOrbit,"Delhi NCR, India","Work with the BlueOrbit engineering team on practical ai engineering intern projects. You will design, implement, test, and document features using Python, Machine Learning, PyTorch, FastAPI. Collaborate with engineers through Git-based workflows, review code, debug issues, and learn production development practices. The internship includes a scoped project, mentorship, and regular technical feedback.","Python, Machine Learning, PyTorch, FastAPI, Docker, Git",0 years,Internship,,False,https://careers.example.com/internships/INT0527
INT0528,Java Backend Intern,DataForge,"Hyderabad, India","Work with the DataForge engineering team on practical java backend intern projects. You will design, implement, test, and document features using Java, Spring Boot, PostgreSQL, Docker. Collaborate with engineers through Git-based workflows, review code, debug issues, and learn production development practices. The internship includes a scoped project, mentorship, and regular technical feedback.","Java, Spring Boot, PostgreSQL, Docker, REST API, Git, NumPy",0-1 years,Internship,"₹25,000/month",False,https://careers.example.com/internships/INT0528
INT0529,Machine Learning Intern,CoreVista,"Mumbai, India","Work with the CoreVista engineering team on practical machine learning intern projects. You will design, implement, test, and document features using Python, Machine Learning, Pandas, NumPy. Collaborate with engineers through Git-based workflows, review code, debug issues, and learn production development practices. The internship includes a scoped project, mentorship, and regular technical feedback.","Python, Machine Learning, Pandas, NumPy, Scikit-learn, Git, Spring Boot, AWS",0 years,Internship,"₹25,000/month",False,https://careers.example.com/internships/INT0529
INT0530,Data Science Intern,CoreVista,"Remote, India","Work with the CoreVista engineering team on practical data science intern projects. You will design, implement, test, and document features using Python, Pandas, NumPy, SQL. Collaborate with engineers through Git-based workflows, review code, debug issues, and learn production development practices. The internship includes a scoped project, mentorship, and regular technical feedback.","Python, Pandas, NumPy, SQL, Scikit-learn, Machine Learning",0-1 years,Internship,"₹15,000/month",True,https://careers.example.com/internships/INT0530
INT0531,Data Engineering Intern,NovaTech,"Chennai, India","Work with the NovaTech engineering team on practical data engineering intern projects. You will design, implement, test, and document features using Python, SQL, Pandas, Kafka. Collaborate with engineers through Git-based workflows, review code, debug issues, and learn production development practices. The internship includes a scoped project, mentorship, and regular technical feedback.","Python, SQL, Pandas, Kafka, AWS, Docker",0-1 years,Internship,"₹20,000/month",False,https://careers.example.com/internships/INT0531
INT0532,Cloud Engineering Intern,DataForge,"Bengaluru, India","Work with the DataForge engineering team on practical cloud engineering intern projects. You will design, implement, test, and document features using AWS, Docker, Linux, Git. Collaborate with engineers through Git-based workflows, review code, debug issues, and learn production development practices. The internship includes a scoped project, mentorship, and regular technical feedback.","AWS, Docker, Linux, Git, Python, REST API, PyTorch",0-1 years,Internship,,False,https://careers.example.com/internships/INT0532
INT0533,Microservices Intern,QuantumStack,"Remote, India","Work with the QuantumStack engineering team on practical microservices intern projects. You will design, implement, test, and document features using Java, Spring Boot, Kafka, Docker. Collaborate with engineers through Git-based workflows, review code, debug issues, and learn production development practices. The internship includes a scoped project, mentorship, and regular technical feedback.","Java, Spring Boot, Kafka, Docker, Microservices, PostgreSQL, NumPy, Scikit-learn",0 years,Internship,"₹25,000/month",True,https://careers.example.com/internships/INT0533
INT0534,Backend Engineering Intern,Vertex Labs,"Remote, India","Work with the Vertex Labs engineering team on practical backend engineering intern projects. You will design, implement, test, and document features using Python, FastAPI, PostgreSQL, Docker. Collaborate with engineers through Git-based workflows, review code, debug issues, and learn production development practices. The internship includes a scoped project, mentorship, and regular technical feedback.","Python, FastAPI, PostgreSQL, Docker, REST API, Git, Node.js",0 years,Internship,"₹30,000/month",True,https://careers.example.com/internships/INT0534
INT0535,Machine Learning Intern,Vertex Labs,"Delhi NCR, India","Work with the Vertex Labs engineering team on practical machine learning intern projects. You will design, implement, test, and document features using Python, Machine Learning, Pandas, NumPy. Collaborate with engineers through Git-based workflows, review code, debug issues, and learn production development practices. The internship includes a scoped project, mentorship, and regular technical feedback.","Python, Machine Learning, Pandas, NumPy, Scikit-learn, Git, Java, Docker",0-1 years,Internship,"₹15,000/month",False,https://careers.example.com/internships/INT0535
INT0536,Cloud Engineering Intern,BlueOrbit,"Remote, India","Work with the BlueOrbit engineering team on practical cloud engineering intern projects. You will design, implement, test, and document features using AWS, Docker, Linux, Git. Collaborate with engineers through Git-based workflows, review code, debug issues, and learn production development practices. The internship includes a scoped project, mentorship, and regular technical feedback.","AWS, Docker, Linux, Git, Python, REST API, NumPy, Machine Learning",0-1 years,Internship,"₹20,000/month",True,https://careers.example.com/internships/INT0536
INT0537,Data Science Intern,FinEdge,"Chennai, India","Work with the FinEdge engineering team on practical data science intern projects. You will design, implement, test, and document features using Python, Pandas, NumPy, SQL. Collaborate with engineers through Git-based workflows, review code, debug issues, and learn production development practices. The internship includes a scoped project, mentorship, and regular technical feedback.","Python, Pandas, NumPy, SQL, Scikit-learn, Machine Learning, Kafka",1 year,Internship,"₹25,000/month",False,https://careers.example.com/internships/INT0537
INT0538,Microservices Intern,Aster Systems,"Remote, India","Work with the Aster Systems engineering team on practical microservices intern projects. You will design, implement, test, and document features using Java, Spring Boot, Kafka, Docker. Collaborate with engineers through Git-based workflows, review code, debug issues, and learn production development practices. The internship includes a scoped project, mentorship, and regular technical feedback.","Java, Spring Boot, Kafka, Docker, Microservices, PostgreSQL, TypeScript",0-1 years,Internship,,True,https://careers.example.com/internships/INT0538
INT0539,NLP Intern,NovaTech,"Mumbai, India","Work with the NovaTech engineering team on practical nlp intern projects. You will design, implement, test, and document features using Python, NLP, Machine Learning, PyTorch. Collaborate with engineers through Git-based workflows, review code, debug issues, and learn production development practices. The internship includes a scoped project, mentorship, and regular technical feedback.","Python, NLP, Machine Learning, PyTorch, Pandas, NumPy, REST API",0 years,Internship,"₹25,000/month",False,https://careers.example.com/internships/INT0539
INT0540,Microservices Intern,Aster Systems,"Remote, India","Work with the Aster Systems engineering team on practical microservices intern projects. You will design, implement, test, and document features using Java, Spring Boot, Kafka, Docker. Collaborate with engineers through Git-based workflows, review code, debug issues, and learn production development practices. The internship includes a scoped project, mentorship, and regular technical feedback.","Java, Spring Boot, Kafka, Docker, Microservices, PostgreSQL, Python, Git",0 years,Internship,"₹20,000/month",True,https://careers.example.com/internships/INT0540
INT0541,Microservices Intern,QuantumStack,"Pune, India","Work with the QuantumStack engineering team on practical microservices intern projects. You will design, implement, test, and document features using Java, Spring Boot, Kafka, Docker. Collaborate with engineers through Git-based workflows, review code, debug issues, and learn production development practices. The internship includes a scoped project, mentorship, and regular technical feedback.","Java, Spring Boot, Kafka, Docker, Microservices, PostgreSQL, Git",0-1 years,Internship,"₹30,000/month",False,https://careers.example.com/internships/INT0541
INT0542,DevOps Intern,BrightScale,"Hyderabad, India","Work with the BrightScale engineering team on practical devops intern projects. You will design, implement, test, and document features using Docker, Kubernetes, AWS, Linux. Collaborate with engineers through Git-based workflows, review code, debug issues, and learn production development practices. The internship includes a scoped project, mentorship, and regular technical feedback.","Docker, Kubernetes, AWS, Linux, Git, Python, JavaScript, PostgreSQL",0-1 years,Internship,"₹30,000/month",False,https://careers.example.com/internships/INT0542
INT0543,Full Stack Intern,QuantumStack,"Remote, India","Work with the QuantumStack engineering team on practical full stack intern projects. You will design, implement, test, and document features using JavaScript, React, Node.js, SQL. Collaborate with engineers through Git-based workflows, review code, debug issues, and learn production development practices. The internship includes a scoped project, mentorship, and regular technical feedback.","JavaScript, React, Node.js, SQL, Docker, Git",0-1 years,Internship,"₹30,000/month",True,https://careers.example.com/internships/INT0543
INT0544,Frontend Engineering Intern,CloudNest,"Hyderabad, India","Work with the CloudNest engineering team on practical frontend engineering intern projects. You will design, implement, test, and document features using JavaScript, TypeScript, React, Git. Collaborate with engineers through Git-based workflows, review code, debug issues, and learn production development practices. The internship includes a scoped project, mentorship, and regular technical feedback.","JavaScript, TypeScript, React, Git, REST API",1 year,Internship,"₹15,000/month",False,https://careers.example.com/internships/INT0544
INT0545,Java Backend Intern,PixelWorks,"Delhi NCR, India","Work with the PixelWorks engineering team on practical java backend intern projects. You will design, implement, test, and document features using Java, Spring Boot, PostgreSQL, Docker. Collaborate with engineers through Git-based workflows, review code, debug issues, and learn production development practices. The internship includes a scoped project, mentorship, and regular technical feedback.","Java, Spring Boot, PostgreSQL, Docker, REST API, Git, Python, Machine Learning",0 years,Internship,,False,https://careers.example.com/internships/INT0545
INT0546,Backend Engineering Intern,PixelWorks,"Chennai, India","Work with the PixelWorks engineering team on practical backend engineering intern projects. You will design, implement, test, and document features using Python, FastAPI, PostgreSQL, Docker. Collaborate with engineers through Git-based workflows, review code, debug issues, and learn production development practices. The internship includes a scoped project, mentorship, and regular technical feedback.","Python, FastAPI, PostgreSQL, Docker, REST API, Git, Microservices",0-1 years,Internship,,False,https://careers.example.com/internships/INT0546
INT0547,Data Science Intern,Vertex Labs,"Chennai, India","Work with the Vertex Labs engineering team on practical data science intern projects. You will design, implement, test, and document features using Python, Pandas, NumPy, SQL. Collaborate with engineers through Git-based workflows, review code, debug issues, and learn production development practices. The internship includes a scoped project, mentorship, and regular technical feedback.","Python, Pandas, NumPy, SQL, Scikit-learn, Machine Learning, Node.js",0 years,Internship,,False,https://careers.example.com/internships/INT0547
INT0548,AI Engineering Intern,Vertex Labs,"Mumbai, India","Work with the Vertex Labs engineering team on practical ai engineering intern projects. You will design, implement, test, and document features using Python, Machine Learning, PyTorch, FastAPI. Collaborate with engineers through Git-based workflows, review code, debug issues, and learn production development practices. The internship includes a scoped project, mentorship, and regular technical feedback.","Python, Machine Learning, PyTorch, FastAPI, Docker, Git, Pandas",0 years,Internship,"₹20,000/month",False,https://careers.example.com/internships/INT0548
INT0549,Data Science Intern,BlueOrbit,"Remote, India","Work with the BlueOrbit engineering team on practical data science intern projects. You will design, implement, test, and document features using Python, Pandas, NumPy, SQL. Collaborate with engineers through Git-based workflows, review code, debug issues, and learn production development practices. The internship includes a scoped project, mentorship, and regular technical feedback.","Python, Pandas, NumPy, SQL, Scikit-learn, Machine Learning",0 years,Internship,"₹30,000/month",True,https://careers.example.com/internships/INT0549
INT0550,Data Science Intern,CloudNest,"Remote, India","Work with the CloudNest engineering team on practical data science intern projects. You will design, implement, test, and document features using Python, Pandas, NumPy, SQL. Collaborate with engineers through Git-based workflows, review code, debug issues, and learn production development practices. The internship includes a scoped project, mentorship, and regular technical feedback.","Python, Pandas, NumPy, SQL, Scikit-learn, Machine Learning, REST API, Java",1 year,Internship,"₹15,000/month",True,https://careers.example.com/internships/INT0550
INT0551,Java Backend Intern,PixelWorks,"Pune, India","Work with the PixelWorks engineering team on practical java backend intern projects. You will design, implement, test, and document features using Java, Spring Boot, PostgreSQL, Docker. Collaborate with engineers through Git-based workflows, review code, debug issues, and learn production development practices. The internship includes a scoped project, mentorship, and regular technical feedback.","Java, Spring Boot, PostgreSQL, Docker, REST API, Git, PyTorch",1 year,Internship,"₹30,000/month",False,https://careers.example.com/internships/INT0551
INT0552,Backend Engineering Intern,PixelWorks,"Remote, India","Work with the PixelWorks engineering team on practical backend engineering intern projects. You will design, implement, test, and document features using Python, FastAPI, PostgreSQL, Docker. Collaborate with engineers through Git-based workflows, review code, debug issues, and learn production development practices. The internship includes a scoped project, mentorship, and regular technical feedback.","Python, FastAPI, PostgreSQL, Docker, REST API, Git, AWS, Microservices",0 years,Internship,"₹20,000/month",True,https://careers.example.com/internships/INT0552
INT0553,AI Engineering Intern,Vertex Labs,"Bengaluru, India","Work with the Vertex Labs engineering team on practical ai engineering intern projects. You will design, implement, test, and document features using Python, Machine Learning, PyTorch, FastAPI. Collaborate with engineers through Git-based workflows, review code, debug issues, and learn production development practices. The internship includes a scoped project, mentorship, and regular technical feedback.","Python, Machine Learning, PyTorch, FastAPI, Docker, Git, Kafka, Pandas",0-1 years,Internship,,False,https://careers.example.com/internships/INT0553
INT0554,Full Stack Intern,PixelWorks,"Delhi NCR, India","Work with the PixelWorks engineering team on practical full stack intern projects. You will design, implement, test, and document features using JavaScript, React, Node.js, SQL. Collaborate with engineers through Git-based workflows, review code, debug issues, and learn production development practices. The internship includes a scoped project, mentorship, and regular technical feedback.","JavaScript, React, Node.js, SQL, Docker, Git, Scikit-learn",1 year,Internship,"₹30,000/month",False,https://careers.example.com/internships/INT0554
INT0555,Backend Engineering Intern,CloudNest,"Delhi NCR, India","Work with the CloudNest engineering team on practical backend engineering intern projects. You will design, implement, test, and document features using Python, FastAPI, PostgreSQL, Docker. Collaborate with engineers through Git-based workflows, review code, debug issues, and learn production development practices. The internship includes a scoped project, mentorship, and regular technical feedback.","Python, FastAPI, PostgreSQL, Docker, REST API, Git",1 year,Internship,"₹30,000/month",False,https://careers.example.com/internships/INT0555
INT0556,Backend Engineering Intern,CoreVista,"Remote, India","Work with the CoreVista engineering team on practical backend engineering intern projects. You will design, implement, test, and document features using Python, FastAPI, PostgreSQL, Docker. Collaborate with engineers through Git-based workflows, review code, debug issues, and learn production development practices. The internship includes a scoped project, mentorship, and regular technical feedback.","Python, FastAPI, PostgreSQL, Docker, REST API, Git, AWS",1 year,Internship,"₹30,000/month",True,https://careers.example.com/internships/INT0556
INT0557,Frontend Engineering Intern,DataForge,"Pune, India","Work with the DataForge engineering team on practical frontend engineering intern projects. You will design, implement, test, and document features using JavaScript, TypeScript, React, Git. Collaborate with engineers through Git-based workflows, review code, debug issues, and learn production development practices. The internship includes a scoped project, mentorship, and regular technical feedback.","JavaScript, TypeScript, React, Git, REST API, FastAPI",0-1 years,Internship,"₹25,000/month",False,https://careers.example.com/internships/INT0557
INT0558,DevOps Intern,BlueOrbit,"Remote, India","Work with the BlueOrbit engineering team on practical devops intern projects. You will design, implement, test, and document features using Docker, Kubernetes, AWS, Linux. Collaborate with engineers through Git-based workflows, review code, debug issues, and learn production development practices. The internship includes a scoped project, mentorship, and regular technical feedback.","Docker, Kubernetes, AWS, Linux, Git, Python, REST API, Scikit-learn",1 year,Internship,"₹30,000/month",True,https://careers.example.com/internships/INT0558
INT0559,Full Stack Intern,PixelWorks,"Bengaluru, India","Work with the PixelWorks engineering team on practical full stack intern projects. You will design, implement, test, and document features using JavaScript, React, Node.js, SQL. Collaborate with engineers through Git-based workflows, review code, debug issues, and learn production development practices. The internship includes a scoped project, mentorship, and regular technical feedback.","JavaScript, React, Node.js, SQL, Docker, Git, AWS",0 years,Internship,"₹30,000/month",False,https://careers.example.com/internships/INT0559
INT0560,Data Science Intern,FinEdge,"Bengaluru, India","Work with the FinEdge engineering team on practical data science intern projects. You will design, implement, test, and document features using Python, Pandas, NumPy, SQL. Collaborate with engineers through Git-based workflows, review code, debug issues, and learn production development practices. The internship includes a scoped project, mentorship, and regular technical feedback.","Python, Pandas, NumPy, SQL, Scikit-learn, Machine Learning, Git",1 year,Internship,"₹20,000/month",False,https://careers.example.com/internships/INT0560
INT0561,Java Backend Intern,PixelWorks,"Remote, India","Work with the PixelWorks engineering team on practical java backend intern projects. You will design, implement, test, and document features using Java, Spring Boot, PostgreSQL, Docker. Collaborate with engineers through Git-based workflows, review code, debug issues, and learn production development practices. The internship includes a scoped project, mentorship, and regular technical feedback.","Java, Spring Boot, PostgreSQL, Docker, REST API, Git, NumPy",1 year,Internship,,True,https://careers.example.com/internships/INT0561
INT0562,Backend Engineering Intern,Aster Systems,"Hyderabad, India","Work with the Aster Systems engineering team on practical backend engineering intern projects. You will design, implement, test, and document features using Python, FastAPI, PostgreSQL, Docker. Collaborate with engineers through Git-based workflows, review code, debug issues, and learn production development practices. The internship includes a scoped project, mentorship, and regular technical feedback.","Python, FastAPI, PostgreSQL, Docker, REST API, Git",0 years,Internship,"₹20,000/month",False,https://careers.example.com/internships/INT0562
INT0563,Backend Engineering Intern,DataForge,"Pune, India","Work with the DataForge engineering team on practical backend engineering intern projects. You will design, implement, test, and document features using Python, FastAPI, PostgreSQL, Docker. Collaborate with engineers through Git-based workflows, review code, debug issues, and learn production development practices. The internship includes a scoped project, mentorship, and regular technical feedback.","Python, FastAPI, PostgreSQL, Docker, REST API, Git, Pandas",0-1 years,Internship,"₹30,000/month",False,https://careers.example.com/internships/INT0563
INT0564,NLP Intern,Vertex Labs,"Hyderabad, India","Work with the Vertex Labs engineering team on practical nlp intern projects. You will design, implement, test, and document features using Python, NLP, Machine Learning, PyTorch. Collaborate with engineers through Git-based workflows, review code, debug issues, and learn production development practices. The internship includes a scoped project, mentorship, and regular technical feedback.","Python, NLP, Machine Learning, PyTorch, Pandas, NumPy, Spring Boot",0-1 years,Internship,"₹30,000/month",False,https://careers.example.com/internships/INT0564
INT0565,AI Engineering Intern,QuantumStack,"Pune, India","Work with the QuantumStack engineering team on practical ai engineering intern projects. You will design, implement, test, and document features using Python, Machine Learning, PyTorch, FastAPI. Collaborate with engineers through Git-based workflows, review code, debug issues, and learn production development practices. The internship includes a scoped project, mentorship, and regular technical feedback.","Python, Machine Learning, PyTorch, FastAPI, Docker, Git, SQL",0-1 years,Internship,"₹20,000/month",False,https://careers.example.com/internships/INT0565
INT0566,Frontend Engineering Intern,Vertex Labs,"Remote, India","Work with the Vertex Labs engineering team on practical frontend engineering intern projects. You will design, implement, test, and document features using JavaScript, TypeScript, React, Git. Collaborate with engineers through Git-based workflows, review code, debug issues, and learn production development practices. The internship includes a scoped project, mentorship, and regular technical feedback.","JavaScript, TypeScript, React, Git, REST API, Docker, Kafka",0-1 years,Internship,"₹15,000/month",True,https://careers.example.com/internships/INT0566
INT0567,Machine Learning Intern,BrightScale,"Remote, India","Work with the BrightScale engineering team on practical machine learning intern projects. You will design, implement, test, and document features using Python, Machine Learning, Pandas, NumPy. Collaborate with engineers through Git-based workflows, review code, debug issues, and learn production development practices. The internship includes a scoped project, mentorship, and regular technical feedback.","Python, Machine Learning, Pandas, NumPy, Scikit-learn, Git, REST API, JavaScript",0 years,Internship,"₹25,000/month",True,https://careers.example.com/internships/INT0567
INT0568,Microservices Intern,NovaTech,"Chennai, India","Work with the NovaTech engineering team on practical microservices intern projects. You will design, implement, test, and document features using Java, Spring Boot, Kafka, Docker. Collaborate with engineers through Git-based workflows, review code, debug issues, and learn production development practices. The internship includes a scoped project, mentorship, and regular technical feedback.","Java, Spring Boot, Kafka, Docker, Microservices, PostgreSQL, REST API",0 years,Internship,"₹30,000/month",False,https://careers.example.com/internships/INT0568
INT0569,Machine Learning Intern,NovaTech,"Remote, India","Work with the NovaTech engineering team on practical machine learning intern projects. You will design, implement, test, and document features using Python, Machine Learning, Pandas, NumPy. Collaborate with engineers through Git-based workflows, review code, debug issues, and learn production development practices. The internship includes a scoped project, mentorship, and regular technical feedback.","Python, Machine Learning, Pandas, NumPy, Scikit-learn, Git, TypeScript, SQL",1 year,Internship,"₹25,000/month",True,https://careers.example.com/internships/INT0569
INT0570,Data Engineering Intern,PixelWorks,"Pune, India","Work with the PixelWorks engineering team on practical data engineering intern projects. You will design, implement, test, and document features using Python, SQL, Pandas, Kafka. Collaborate with engineers through Git-based workflows, review code, debug issues, and learn production development practices. The internship includes a scoped project, mentorship, and regular technical feedback.","Python, SQL, Pandas, Kafka, AWS, Docker, Microservices, TypeScript",0-1 years,Internship,"₹25,000/month",False,https://careers.example.com/internships/INT0570
INT0571,Data Science Intern,BrightScale,"Delhi NCR, India","Work with the BrightScale engineering team on practical data science intern projects. You will design, implement, test, and document features using Python, Pandas, NumPy, SQL. Collaborate with engineers through Git-based workflows, review code, debug issues, and learn production development practices. The internship includes a scoped project, mentorship, and regular technical feedback.","Python, Pandas, NumPy, SQL, Scikit-learn, Machine Learning, Node.js",0-1 years,Internship,,False,https://careers.example.com/internships/INT0571
INT0572,Java Backend Intern,FinEdge,"Pune, India","Work with the FinEdge engineering team on practical java backend intern projects. You will design, implement, test, and document features using Java, Spring Boot, PostgreSQL, Docker. Collaborate with engineers through Git-based workflows, review code, debug issues, and learn production development practices. The internship includes a scoped project, mentorship, and regular technical feedback.","Java, Spring Boot, PostgreSQL, Docker, REST API, Git",1 year,Internship,,False,https://careers.example.com/internships/INT0572
INT0573,AI Engineering Intern,BrightScale,"Remote, India","Work with the BrightScale engineering team on practical ai engineering intern projects. You will design, implement, test, and document features using Python, Machine Learning, PyTorch, FastAPI. Collaborate with engineers through Git-based workflows, review code, debug issues, and learn production development practices. The internship includes a scoped project, mentorship, and regular technical feedback.","Python, Machine Learning, PyTorch, FastAPI, Docker, Git, Node.js",0 years,Internship,"₹25,000/month",True,https://careers.example.com/internships/INT0573
INT0574,Frontend Engineering Intern,CloudNest,"Chennai, India","Work with the CloudNest engineering team on practical frontend engineering intern projects. You will design, implement, test, and document features using JavaScript, TypeScript, React, Git. Collaborate with engineers through Git-based workflows, review code, debug issues, and learn production development practices. The internship includes a scoped project, mentorship, and regular technical feedback.","JavaScript, TypeScript, React, Git, REST API, SQL, Scikit-learn",0-1 years,Internship,"₹20,000/month",False,https://careers.example.com/internships/INT0574
INT0575,Machine Learning Intern,CodeHarbor,"Pune, India","Work with the CodeHarbor engineering team on practical machine learning intern projects. You will design, implement, test, and document features using Python, Machine Learning, Pandas, NumPy. Collaborate with engineers through Git-based workflows, review code, debug issues, and learn production development practices. The internship includes a scoped project, mentorship, and regular technical feedback.","Python, Machine Learning, Pandas, NumPy, Scikit-learn, Git, React, REST API",1 year,Internship,"₹20,000/month",False,https://careers.example.com/internships/INT0575
INT0576,Data Engineering Intern,BrightScale,"Pune, India","Work with the BrightScale engineering team on practical data engineering intern projects. You will design, implement, test, and document features using Python, SQL, Pandas, Kafka. Collaborate with engineers through Git-based workflows, review code, debug issues, and learn production development practices. The internship includes a scoped project, mentorship, and regular technical feedback.","Python, SQL, Pandas, Kafka, AWS, Docker",0-1 years,Internship,"₹30,000/month",False,https://careers.example.com/internships/INT0576
INT0577,Cloud Engineering Intern,CodeHarbor,"Delhi NCR, India","Work with the CodeHarbor engineering team on practical cloud engineering intern projects. You will design, implement, test, and document features using AWS, Docker, Linux, Git. Collaborate with engineers through Git-based workflows, review code, debug issues, and learn production development practices. The internship includes a scoped project, mentorship, and regular technical feedback.","AWS, Docker, Linux, Git, Python, REST API, Java",0 years,Internship,"₹25,000/month",False,https://careers.example.com/internships/INT0577
INT0578,Data Engineering Intern,BrightScale,"Chennai, India","Work with the BrightScale engineering team on practical data engineering intern projects. You will design, implement, test, and document features using Python, SQL, Pandas, Kafka. Collaborate with engineers through Git-based workflows, review code, debug issues, and learn production development practices. The internship includes a scoped project, mentorship, and regular technical feedback.","Python, SQL, Pandas, Kafka, AWS, Docker, Scikit-learn, NumPy",0-1 years,Internship,,False,https://careers.example.com/internships/INT0578
INT0579,Frontend Engineering Intern,BrightScale,"Hyderabad, India","Work with the BrightScale engineering team on practical frontend engineering intern projects. You will design, implement, test, and document features using JavaScript, TypeScript, React, Git. Collaborate with engineers through Git-based workflows, review code, debug issues, and learn production development practices. The internship includes a scoped project, mentorship, and regular technical feedback.","JavaScript, TypeScript, React, Git, REST API",0-1 years,Internship,"₹15,000/month",False,https://careers.example.com/internships/INT0579
INT0580,DevOps Intern,CoreVista,"Remote, India","Work with the CoreVista engineering team on practical devops intern projects. You will design, implement, test, and document features using Docker, Kubernetes, AWS, Linux. Collaborate with engineers through Git-based workflows, review code, debug issues, and learn production development practices. The internship includes a scoped project, mentorship, and regular technical feedback.","Docker, Kubernetes, AWS, Linux, Git, Python",1 year,Internship,"₹20,000/month",True,https://careers.example.com/internships/INT0580
INT0581,Microservices Intern,Vertex Labs,"Remote, India","Work with the Vertex Labs engineering team on practical microservices intern projects. You will design, implement, test, and document features using Java, Spring Boot, Kafka, Docker. Collaborate with engineers through Git-based workflows, review code, debug issues, and learn production development practices. The internship includes a scoped project, mentorship, and regular technical feedback.","Java, Spring Boot, Kafka, Docker, Microservices, PostgreSQL, PyTorch",0 years,Internship,"₹25,000/month",True,https://careers.example.com/internships/INT0581
INT0582,Cloud Engineering Intern,CloudNest,"Mumbai, India","Work with the CloudNest engineering team on practical cloud engineering intern projects. You will design, implement, test, and document features using AWS, Docker, Linux, Git. Collaborate with engineers through Git-based workflows, review code, debug issues, and learn production development practices. The internship includes a scoped project, mentorship, and regular technical feedback.","AWS, Docker, Linux, Git, Python, REST API, Machine Learning",0 years,Internship,"₹30,000/month",False,https://careers.example.com/internships/INT0582
INT0583,Backend Engineering Intern,QuantumStack,"Delhi NCR, India","Work with the QuantumStack engineering team on practical backend engineering intern projects. You will design, implement, test, and document features using Python, FastAPI, PostgreSQL, Docker. Collaborate with engineers through Git-based workflows, review code, debug issues, and learn production development practices. The internship includes a scoped project, mentorship, and regular technical feedback.","Python, FastAPI, PostgreSQL, Docker, REST API, Git, AWS, NumPy",0 years,Internship,"₹30,000/month",False,https://careers.example.com/internships/INT0583
INT0584,NLP Intern,NovaTech,"Hyderabad, India","Work with the NovaTech engineering team on practical nlp intern projects. You will design, implement, test, and document features using Python, NLP, Machine Learning, PyTorch. Collaborate with engineers through Git-based workflows, review code, debug issues, and learn production development practices. The internship includes a scoped project, mentorship, and regular technical feedback.","Python, NLP, Machine Learning, PyTorch, Pandas, NumPy, AWS",0 years,Internship,"₹20,000/month",False,https://careers.example.com/internships/INT0584
INT0585,Full Stack Intern,QuantumStack,"Remote, India","Work with the QuantumStack engineering team on practical full stack intern projects. You will design, implement, test, and document features using JavaScript, React, Node.js, SQL. Collaborate with engineers through Git-based workflows, review code, debug issues, and learn production development practices. The internship includes a scoped project, mentorship, and regular technical feedback.","JavaScript, React, Node.js, SQL, Docker, Git, PyTorch",1 year,Internship,"₹20,000/month",True,https://careers.example.com/internships/INT0585
INT0586,Java Backend Intern,BrightScale,"Pune, India","Work with the BrightScale engineering team on practical java backend intern projects. You will design, implement, test, and document features using Java, Spring Boot, PostgreSQL, Docker. Collaborate with engineers through Git-based workflows, review code, debug issues, and learn production development practices. The internship includes a scoped project, mentorship, and regular technical feedback.","Java, Spring Boot, PostgreSQL, Docker, REST API, Git, Linux",1 year,Internship,"₹15,000/month",False,https://careers.example.com/internships/INT0586
INT0587,Backend Engineering Intern,Aster Systems,"Hyderabad, India","Work with the Aster Systems engineering team on practical backend engineering intern projects. You will design, implement, test, and document features using Python, FastAPI, PostgreSQL, Docker. Collaborate with engineers through Git-based workflows, review code, debug issues, and learn production development practices. The internship includes a scoped project, mentorship, and regular technical feedback.","Python, FastAPI, PostgreSQL, Docker, REST API, Git, SQL",1 year,Internship,"₹20,000/month",False,https://careers.example.com/internships/INT0587
INT0588,DevOps Intern,BlueOrbit,"Chennai, India","Work with the BlueOrbit engineering team on practical devops intern projects. You will design, implement, test, and document features using Docker, Kubernetes, AWS, Linux. Collaborate with engineers through Git-based workflows, review code, debug issues, and learn production development practices. The internship includes a scoped project, mentorship, and regular technical feedback.","Docker, Kubernetes, AWS, Linux, Git, Python",0-1 years,Internship,"₹30,000/month",False,https://careers.example.com/internships/INT0588
INT0589,Cloud Engineering Intern,NovaTech,"Remote, India","Work with the NovaTech engineering team on practical cloud engineering intern projects. You will design, implement, test, and document features using AWS, Docker, Linux, Git. Collaborate with engineers through Git-based workflows, review code, debug issues, and learn production development practices. The internship includes a scoped project, mentorship, and regular technical feedback.","AWS, Docker, Linux, Git, Python, REST API, PyTorch",0 years,Internship,"₹25,000/month",True,https://careers.example.com/internships/INT0589
INT0590,Backend Engineering Intern,Aster Systems,"Remote, India","Work with the Aster Systems engineering team on practical backend engineering intern projects. You will design, implement, test, and document features using Python, FastAPI, PostgreSQL, Docker. Collaborate with engineers through Git-based workflows, review code, debug issues, and learn production development practices. The internship includes a scoped project, mentorship, and regular technical feedback.","Python, FastAPI, PostgreSQL, Docker, REST API, Git, Microservices",0 years,Internship,"₹20,000/month",True,https://careers.example.com/internships/INT0590
INT0591,Data Science Intern,BlueOrbit,"Remote, India","Work with the BlueOrbit engineering team on practical data science intern projects. You will design, implement, test, and document features using Python, Pandas, NumPy, SQL. Collaborate with engineers through Git-based workflows, review code, debug issues, and learn production development practices. The internship includes a scoped project, mentorship, and regular technical feedback.","Python, Pandas, NumPy, SQL, Scikit-learn, Machine Learning, AWS, Node.js",1 year,Internship,,True,https://careers.example.com/internships/INT0591
INT0592,Frontend Engineering Intern,Vertex Labs,"Pune, India","Work with the Vertex Labs engineering team on practical frontend engineering intern projects. You will design, implement, test, and document features using JavaScript, TypeScript, React, Git. Collaborate with engineers through Git-based workflows, review code, debug issues, and learn production development practices. The internship includes a scoped project, mentorship, and regular technical feedback.","JavaScript, TypeScript, React, Git, REST API",0-1 years,Internship,"₹30,000/month",False,https://careers.example.com/internships/INT0592
INT0593,Data Engineering Intern,DataForge,"Chennai, India","Work with the DataForge engineering team on practical data engineering intern projects. You will design, implement, test, and document features using Python, SQL, Pandas, Kafka. Collaborate with engineers through Git-based workflows, review code, debug issues, and learn production development practices. The internship includes a scoped project, mentorship, and regular technical feedback.","Python, SQL, Pandas, Kafka, AWS, Docker, Git, PyTorch",0 years,Internship,"₹25,000/month",False,https://careers.example.com/internships/INT0593
INT0594,DevOps Intern,BlueOrbit,"Mumbai, India","Work with the BlueOrbit engineering team on practical devops intern projects. You will design, implement, test, and document features using Docker, Kubernetes, AWS, Linux. Collaborate with engineers through Git-based workflows, review code, debug issues, and learn production development practices. The internship includes a scoped project, mentorship, and regular technical feedback.","Docker, Kubernetes, AWS, Linux, Git, Python, NumPy",0 years,Internship,"₹20,000/month",False,https://careers.example.com/internships/INT0594
INT0595,Data Science Intern,CoreVista,"Remote, India","Work with the CoreVista engineering team on practical data science intern projects. You will design, implement, test, and document features using Python, Pandas, NumPy, SQL. Collaborate with engineers through Git-based workflows, review code, debug issues, and learn production development practices. The internship includes a scoped project, mentorship, and regular technical feedback.","Python, Pandas, NumPy, SQL, Scikit-learn, Machine Learning, Docker, TypeScript",1 year,Internship,"₹20,000/month",True,https://careers.example.com/internships/INT0595
INT0596,Java Backend Intern,NovaTech,"Chennai, India","Work with the NovaTech engineering team on practical java backend intern projects. You will design, implement, test, and document features using Java, Spring Boot, PostgreSQL, Docker. Collaborate with engineers through Git-based workflows, review code, debug issues, and learn production development practices. The internship includes a scoped project, mentorship, and regular technical feedback.","Java, Spring Boot, PostgreSQL, Docker, REST API, Git, Pandas",0-1 years,Internship,,False,https://careers.example.com/internships/INT0596
INT0597,AI Engineering Intern,CodeHarbor,"Chennai, India","Work with the CodeHarbor engineering team on practical ai engineering intern projects. You will design, implement, test, and document features using Python, Machine Learning, PyTorch, FastAPI. Collaborate with engineers through Git-based workflows, review code, debug issues, and learn production development practices. The internship includes a scoped project, mentorship, and regular technical feedback.","Python, Machine Learning, PyTorch, FastAPI, Docker, Git",0 years,Internship,"₹15,000/month",False,https://careers.example.com/internships/INT0597
INT0598,Backend Engineering Intern,QuantumStack,"Delhi NCR, India","Work with the QuantumStack engineering team on practical backend engineering intern projects. You will design, implement, test, and document features using Python, FastAPI, PostgreSQL, Docker. Collaborate with engineers through Git-based workflows, review code, debug issues, and learn production development practices. The internship includes a scoped project, mentorship, and regular technical feedback.","Python, FastAPI, PostgreSQL, Docker, REST API, Git, NumPy, Pandas",0-1 years,Internship,"₹30,000/month",False,https://careers.example.com/internships/INT0598
INT0599,Data Engineering Intern,Aster Systems,"Chennai, India","Work with the Aster Systems engineering team on practical data engineering intern projects. You will design, implement, test, and document features using Python, SQL, Pandas, Kafka. Collaborate with engineers through Git-based workflows, review code, debug issues, and learn production development practices. The internship includes a scoped project, mentorship, and regular technical feedback.","Python, SQL, Pandas, Kafka, AWS, Docker",0 years,Internship,"₹25,000/month",False,https://careers.example.com/internships/INT0599
INT0600,Cloud Engineering Intern,CloudNest,"Chennai, India","Work with the CloudNest engineering team on practical cloud engineering intern projects. You will design, implement, test, and document features using AWS, Docker, Linux, Git. Collaborate with engineers through Git-based workflows, review code, debug issues, and learn production development practices. The internship includes a scoped project, mentorship, and regular technical feedback.","AWS, Docker, Linux, Git, Python, REST API, Pandas, Microservices",0 years,Internship,"₹30,000/month",False,https://careers.example.com/internships/INT0600
